year,state_abbrev,winner,party_win,democrat,other,republican
1864,CA,Abraham Lincoln,republican,41.4,NA,58.6
1864,CT,Abraham Lincoln,republican,48.62,NA,51.38
1864,DE,George B. McClellan,democrat,51.8,NA,48.2
1864,IA,Abraham Lincoln,republican,36.92,NA,63.08
1864,IL,Abraham Lincoln,republican,45.6,NA,54.4
1864,IN,Abraham Lincoln,republican,46.5,NA,53.5
1864,KS,Abraham Lincoln,republican,18.3,NA,81.7
1864,KY,George B. McClellan,democrat,69.8,NA,30.2
1864,MA,Abraham Lincoln,republican,27.8,NA,72.2
1864,MD,Abraham Lincoln,republican,44.9,NA,55.1
1864,ME,Abraham Lincoln,republican,40.9,NA,59.1
1864,MI,Abraham Lincoln,republican,44.9,NA,55.1
1864,MN,Abraham Lincoln,republican,41,NA,59
1864,MO,Abraham Lincoln,republican,30.3,NA,69.7
1864,NH,Abraham Lincoln,republican,47.4,NA,52.6
1864,NJ,George B. McClellan,democrat,52.8,NA,47.2
1864,NV,Abraham Lincoln,republican,40.2,NA,59.8
1864,NY,Abraham Lincoln,republican,49.5,NA,50.5
1864,OH,Abraham Lincoln,republican,43.6,NA,56.4
1864,OR,Abraham Lincoln,republican,46.1,NA,53.9
1864,PA,Abraham Lincoln,republican,48.25,NA,51.75
1864,RI,Abraham Lincoln,republican,37.8,NA,62.2
1864,VT,Abraham Lincoln,republican,23.9,NA,76.1
1864,WI,Abraham Lincoln,republican,44.1,NA,55.9
1864,WV,Abraham Lincoln,republican,31.8,NA,68.2
1868,AL,Ulysses S. Grant,republican,48.7,NA,51.3
1868,AR,Ulysses S. Grant,republican,46.32,NA,53.68
1868,CA,Ulysses S. Grant,republican,49.8,NA,50.2
1868,CT,Ulysses S. Grant,republican,48.51,NA,51.49
1868,DE,Horatio Seymour,democrat,59,NA,41
1868,GA,Horatio Seymour,democrat,64.3,NA,35.7
1868,IA,Ulysses S. Grant,republican,38.08,NA,61.92
1868,IL,Ulysses S. Grant,republican,44.3,NA,55.7
1868,IN,Ulysses S. Grant,republican,48.6,NA,51.4
1868,KS,Ulysses S. Grant,republican,31.2,NA,68.8
1868,KY,Horatio Seymour,democrat,74.5,NA,25.5
1868,LA,Horatio Seymour,democrat,70.7,NA,29.3
1868,MA,Ulysses S. Grant,republican,30.2,NA,69.8
1868,MD,Horatio Seymour,democrat,67.2,NA,32.8
1868,ME,Ulysses S. Grant,republican,37.6,NA,62.4
1868,MI,Ulysses S. Grant,republican,43,NA,57
1868,MN,Ulysses S. Grant,republican,39.2,NA,60.8
1868,MO,Ulysses S. Grant,republican,43,NA,57
1868,NC,Ulysses S. Grant,republican,46.6,NA,53.4
1868,NE,Ulysses S. Grant,republican,36.1,NA,63.9
1868,NH,Ulysses S. Grant,republican,44.8,NA,55.2
1868,NJ,Horatio Seymour,democrat,50.9,NA,49.1
1868,NV,Ulysses S. Grant,republican,44.6,NA,55.4
1868,NY,Horatio Seymour,democrat,50.6,NA,49.4
1868,OH,Ulysses S. Grant,republican,46,NA,54
1868,OR,Horatio Seymour,democrat,50.4,NA,49.6
1868,PA,Ulysses S. Grant,republican,47.8,NA,52.2
1868,RI,Ulysses S. Grant,republican,33.3,NA,66.7
1868,SC,Ulysses S. Grant,republican,42.1,NA,57.9
1868,TN,Ulysses S. Grant,republican,31.6,NA,68.4
1868,VT,Ulysses S. Grant,republican,21.43,NA,78.57
1868,WI,Ulysses S. Grant,republican,43.7,NA,56.3
1868,WV,Ulysses S. Grant,republican,41.2,NA,58.8
1872,AL,Ulysses S. Grant,republican,46.81,NA,53.19
1872,AR,Ulysses S. Grant,republican,47.83,NA,52.17
1872,CA,Ulysses S. Grant,republican,42.51,NA,56.38
1872,CT,Ulysses S. Grant,republican,47.59,NA,52.41
1872,DE,Ulysses S. Grant,republican,46.76,NA,51
1872,FL,Ulysses S. Grant,republican,46.48,NA,53.52
1872,GA,Horace Greeley,democrat,54.97,NA,45.03
1872,IA,Ulysses S. Grant,republican,37.73,NA,60.81
1872,IL,Ulysses S. Grant,republican,43,NA,56.27
1872,IN,Ulysses S. Grant,republican,46.59,NA,53
1872,KS,Ulysses S. Grant,republican,32.8,NA,66.46
1872,KY,Horace Greeley,democrat,52.32,NA,46.44
1872,LA,Ulysses S. Grant,republican,44.31,NA,55.69
1872,MA,Ulysses S. Grant,republican,30.69,NA,69.2
1872,MD,Horace Greeley,democrat,50.34,NA,49.66
1872,ME,Ulysses S. Grant,republican,32.14,NA,67.86
1872,MI,Ulysses S. Grant,republican,35.47,NA,62.66
1872,MN,Ulysses S. Grant,republican,38.73,NA,61.27
1872,MO,Horace Greeley,democrat,55.46,NA,43.65
1872,MS,Ulysses S. Grant,republican,36.52,NA,63.48
1872,NC,Ulysses S. Grant,republican,42.46,NA,57.38
1872,NE,Ulysses S. Grant,republican,29.32,NA,70.68
1872,NH,Ulysses S. Grant,republican,45.61,NA,53.94
1872,NJ,Ulysses S. Grant,republican,45.48,NA,54.52
1872,NV,Ulysses S. Grant,republican,42.57,NA,57.43
1872,NY,Ulysses S. Grant,republican,46.77,NA,53.23
1872,OH,Ulysses S. Grant,republican,46.15,NA,53.24
1872,OR,Ulysses S. Grant,republican,38.43,NA,58.66
1872,PA,Ulysses S. Grant,republican,37.65,NA,62.07
1872,RI,Ulysses S. Grant,republican,28.06,NA,71.94
1872,SC,Ulysses S. Grant,republican,23.78,NA,75.73
1872,TN,Horace Greeley,democrat,52.16,NA,47.84
1872,TX,Horace Greeley,democrat,57.07,NA,40.71
1872,VA,Ulysses S. Grant,republican,49.49,NA,50.47
1872,VT,Ulysses S. Grant,republican,20.62,NA,78.29
1872,WI,Ulysses S. Grant,republican,44.97,NA,54.6
1872,WV,Ulysses S. Grant,republican,47.28,NA,51.74
1876,AL,Samuel J. Tilden,democrat,59.98,NA,40.02
1876,AR,Samuel J. Tilden,democrat,59.92,0.22,39.87
1876,CA,Rutherford B. Hayes,republican,49.08,NA,50.88
1876,CT,Samuel J. Tilden,democrat,50.7,NA,48.33
1876,DE,Samuel J. Tilden,democrat,55.45,NA,44.55
1876,FL,Rutherford B. Hayes,republican,49.01,NA,50.99
1876,GA,Samuel J. Tilden,democrat,72.03,NA,27.97
1876,IA,Rutherford B. Hayes,republican,38.28,NA,58.5
1876,IL,Rutherford B. Hayes,republican,46.66,NA,50.2
1876,IN,Samuel J. Tilden,democrat,48.65,NA,47.39
1876,KS,Rutherford B. Hayes,republican,30.53,NA,63.1
1876,KY,Samuel J. Tilden,democrat,61.41,NA,37.44
1876,LA,Rutherford B. Hayes,republican,48.35,NA,51.65
1876,MA,Rutherford B. Hayes,republican,41.9,NA,57.8
1876,MD,Samuel J. Tilden,democrat,56.05,NA,43.95
1876,ME,Rutherford B. Hayes,republican,42.65,NA,56.64
1876,MI,Rutherford B. Hayes,republican,44.49,NA,52.41
1876,MN,Rutherford B. Hayes,republican,39.16,NA,58.8
1876,MO,Samuel J. Tilden,democrat,57.64,NA,41.36
1876,MS,Samuel J. Tilden,democrat,68.08,NA,31.92
1876,NC,Samuel J. Tilden,democrat,53.62,NA,46.38
1876,NE,Rutherford B. Hayes,republican,35.3,NA,64.7
1876,NH,Rutherford B. Hayes,republican,48.05,NA,51.83
1876,NJ,Samuel J. Tilden,democrat,52.66,NA,47.01
1876,NV,Rutherford B. Hayes,republican,47.27,NA,52.73
1876,NY,Samuel J. Tilden,democrat,51.4,NA,48.17
1876,OH,Rutherford B. Hayes,republican,49.07,NA,50.21
1876,OR,Rutherford B. Hayes,republican,47.38,NA,50.92
1876,PA,Rutherford B. Hayes,republican,48.25,NA,50.62
1876,RI,Rutherford B. Hayes,republican,40.23,NA,59.29
1876,SC,Rutherford B. Hayes,republican,49.76,NA,50.24
1876,TN,Samuel J. Tilden,democrat,59.79,NA,40.21
1876,TX,Samuel J. Tilden,democrat,70.04,NA,29.96
1876,VA,Samuel J. Tilden,democrat,59.58,NA,40.42
1876,VT,Rutherford B. Hayes,republican,31.38,NA,68.3
1876,WI,Rutherford B. Hayes,republican,48.19,NA,50.57
1876,WV,Samuel J. Tilden,democrat,56.75,NA,42.15
1880,AL,Winfield Scott Hancock,democrat,59.99,2.91,37.1
1880,AR,Winfield Scott Hancock,democrat,55.56,3.75,38.27
1880,CA,Winfield Scott Hancock,democrat,48.98,NA,48.89
1880,CO,James A. Garfield,republican,46.03,2.68,51.26
1880,CT,James A. Garfield,republican,48.5,0.65,50.51
1880,DE,Winfield Scott Hancock,democrat,51.53,0.44,48.03
1880,FL,Winfield Scott Hancock,democrat,54.17,NA,45.83
1880,GA,Winfield Scott Hancock,democrat,65.41,NA,34.59
1880,IA,James A. Garfield,republican,32.8,10.02,56.99
1880,IL,James A. Garfield,republican,44.56,4.24,51.11
1880,IN,James A. Garfield,republican,47.91,2.76,49.33
1880,KS,James A. Garfield,republican,29.72,9.86,60.4
1880,KY,Winfield Scott Hancock,democrat,55.74,4.31,39.87
1880,LA,Winfield Scott Hancock,democrat,62.27,0.42,37.31
1880,MA,James A. Garfield,republican,39.58,1.61,58.53
1880,MD,Winfield Scott Hancock,democrat,54.41,NA,45.59
1880,ME,James A. Garfield,republican,45.32,3.06,51.46
1880,MI,James A. Garfield,republican,37.27,9.88,52.49
1880,MN,James A. Garfield,republican,35.36,2.17,62.28
1880,MO,Winfield Scott Hancock,democrat,52.51,8.82,38.67
1880,MS,Winfield Scott Hancock,democrat,64.71,4.95,29.76
1880,NC,Winfield Scott Hancock,democrat,51.55,0.47,47.98
1880,NE,James A. Garfield,republican,32.62,4.52,62.87
1880,NH,James A. Garfield,republican,47.24,0.61,51.94
1880,NJ,Winfield Scott Hancock,democrat,49.84,1.06,49.02
1880,NV,Winfield Scott Hancock,democrat,52.4,NA,47.6
1880,NY,James A. Garfield,republican,48.42,1.12,50.32
1880,OH,James A. Garfield,republican,47.01,0.89,51.73
1880,OR,James A. Garfield,republican,48.88,0.61,50.51
1880,PA,James A. Garfield,republican,46.57,NA,50.84
1880,RI,James A. Garfield,republican,36.87,0.81,62.24
1880,SC,Winfield Scott Hancock,democrat,65.51,0.33,34.13
1880,TN,Winfield Scott Hancock,democrat,53.26,2.47,44.26
1880,TX,Winfield Scott Hancock,democrat,64.71,11.34,23.95
1880,VA,Winfield Scott Hancock,democrat,60.53,NA,39.47
1880,VT,James A. Garfield,republican,28.15,1.88,69.81
1880,WI,James A. Garfield,republican,42.91,2.99,54.04
1880,WV,Winfield Scott Hancock,democrat,50.95,8,41.05
1884,AL,Grover Cleveland,democrat,60.37,NA,38.69
1884,AR,Grover Cleveland,democrat,57.83,1.47,40.7
1884,CA,James G. Blaine,republican,45.33,NA,51.97
1884,CO,James G. Blaine,republican,41.68,NA,54.25
1884,CT,Grover Cleveland,democrat,48.95,NA,48.01
1884,DE,Grover Cleveland,democrat,56.55,NA,43.2
1884,FL,Grover Cleveland,democrat,52.96,0.12,46.73
1884,GA,Grover Cleveland,democrat,65.92,NA,33.84
1884,IA,James G. Blaine,republican,47.01,NA,52.25
1884,IL,James G. Blaine,republican,46.43,NA,50.17
1884,IN,Grover Cleveland,democrat,49.46,NA,48.15
1884,KS,James G. Blaine,republican,33.9,NA,58.08
1884,KY,Grover Cleveland,democrat,55.32,NA,42.93
1884,LA,Grover Cleveland,democrat,57.22,NA,42.37
1884,MA,James G. Blaine,republican,40.33,NA,48.36
1884,MD,Grover Cleveland,democrat,52.07,NA,46.1
1884,ME,James G. Blaine,republican,39.97,NA,55.34
1884,MI,James G. Blaine,republican,47.2,NA,48.02
1884,MN,James G. Blaine,republican,36.87,NA,58.78
1884,MO,Grover Cleveland,democrat,53.49,NA,46.02
1884,MS,Grover Cleveland,democrat,64.34,NA,35.66
1884,NC,Grover Cleveland,democrat,53.25,NA,46.59
1884,NE,James G. Blaine,republican,40.53,NA,57.31
1884,NH,James G. Blaine,republican,46.34,NA,51.14
1884,NJ,Grover Cleveland,democrat,48.98,NA,47.31
1884,NV,James G. Blaine,republican,43.59,NA,56.21
1884,NY,Grover Cleveland,democrat,48.25,NA,48.15
1884,OH,James G. Blaine,republican,46.94,NA,50.99
1884,OR,James G. Blaine,republican,46.7,NA,50.99
1884,PA,James G. Blaine,republican,43.46,NA,52.97
1884,RI,James G. Blaine,republican,37.81,NA,58.07
1884,SC,Grover Cleveland,democrat,75.25,NA,23.41
1884,TN,Grover Cleveland,democrat,51.45,NA,47.74
1884,TX,Grover Cleveland,democrat,69.26,NA,28.63
1884,VA,Grover Cleveland,democrat,51.05,NA,48.9
1884,VT,James G. Blaine,republican,29.18,NA,66.52
1884,WI,James G. Blaine,republican,45.79,NA,50.38
1884,WV,Grover Cleveland,democrat,50.94,NA,47.75
1888,AL,Grover Cleveland,democrat,67,NA,32.66
1888,AR,Grover Cleveland,democrat,54.8,6.77,38.04
1888,CA,Benjamin Harrison,republican,46.84,NA,49.66
1888,CO,Benjamin Harrison,republican,40.84,NA,55.22
1888,CT,Grover Cleveland,democrat,48.66,NA,48.44
1888,DE,Grover Cleveland,democrat,55.15,NA,43.51
1888,FL,Grover Cleveland,democrat,59.48,0.62,39.89
1888,GA,Grover Cleveland,democrat,70.31,NA,28.33
1888,IA,Benjamin Harrison,republican,44.51,NA,52.36
1888,IL,Benjamin Harrison,republican,46.58,NA,49.54
1888,IN,Benjamin Harrison,republican,48.61,NA,49.05
1888,KS,Benjamin Harrison,republican,31.03,NA,55.23
1888,KY,Grover Cleveland,democrat,53.3,NA,44.98
1888,LA,Grover Cleveland,democrat,73.37,NA,26.46
1888,MA,Benjamin Harrison,republican,44.04,NA,53.42
1888,MD,Grover Cleveland,democrat,50.34,NA,47.4
1888,ME,Benjamin Harrison,republican,39.35,NA,57.49
1888,MI,Benjamin Harrison,republican,44.91,NA,49.73
1888,MN,Benjamin Harrison,republican,39.65,NA,54.12
1888,MO,Grover Cleveland,democrat,50.24,NA,45.31
1888,MS,Grover Cleveland,democrat,73.8,NA,25.99
1888,NC,Grover Cleveland,democrat,51.79,NA,47.2
1888,NE,Benjamin Harrison,republican,39.75,NA,53.51
1888,NH,Benjamin Harrison,republican,47.84,NA,50.34
1888,NJ,Grover Cleveland,democrat,49.87,NA,47.52
1888,NV,Benjamin Harrison,republican,41.94,NA,57.73
1888,NY,Benjamin Harrison,republican,48.19,NA,49.28
1888,OH,Benjamin Harrison,republican,47.18,NA,49.51
1888,OR,Benjamin Harrison,republican,42.88,NA,53.82
1888,PA,Benjamin Harrison,republican,44.77,NA,52.74
1888,RI,Benjamin Harrison,republican,42.99,NA,53.88
1888,SC,Grover Cleveland,democrat,82.28,NA,17.17
1888,TN,Grover Cleveland,democrat,52.26,NA,45.76
1888,TX,Grover Cleveland,democrat,65.7,NA,24.73
1888,VA,Grover Cleveland,democrat,49.99,NA,49.46
1888,VT,Benjamin Harrison,republican,25.65,NA,69.05
1888,WI,Benjamin Harrison,republican,43.77,NA,49.79
1888,WV,Grover Cleveland,democrat,49.35,NA,49.03
1892,AL,Grover Cleveland,democrat,59.4,36.55,3.95
1892,AR,Grover Cleveland,democrat,59.3,7.99,31.78
1892,CA,Grover Cleveland,democrat,43.83,NA,43.78
1892,CO,James B. Weaver,other,NA,57.07,41.13
1892,CT,Grover Cleveland,democrat,50.06,0.49,46.8
1892,DE,Grover Cleveland,democrat,49.9,NA,48.55
1892,FL,Grover Cleveland,democrat,85.01,13.65,NA
1892,GA,Grover Cleveland,democrat,58.01,18.8,21.7
1892,IA,Benjamin Harrison,republican,44.31,4.65,49.6
1892,ID,James B. Weaver,other,NA,54.21,44.31
1892,IL,Grover Cleveland,democrat,48.79,2.54,45.7
1892,IN,Grover Cleveland,democrat,47.46,4.01,46.17
1892,KS,James B. Weaver,other,NA,50.2,48.4
1892,KY,Grover Cleveland,democrat,51.48,6.89,39.74
1892,LA,Grover Cleveland,democrat,76.53,NA,23.47
1892,MA,Benjamin Harrison,republican,45.22,0.82,51.87
1892,MD,Grover Cleveland,democrat,53.39,0.37,43.48
1892,ME,Benjamin Harrison,republican,41.26,2.06,54.05
1892,MI,Benjamin Harrison,republican,43.26,4.28,47.79
1892,MN,Benjamin Harrison,republican,37.76,10.97,45.96
1892,MO,Grover Cleveland,democrat,49.56,7.61,42.03
1892,MS,Grover Cleveland,democrat,76.22,19.27,2.66
1892,MT,Benjamin Harrison,republican,39.79,16.5,42.44
1892,NC,Grover Cleveland,democrat,47.44,15.82,35.8
1892,ND,James B. Weaver,other,0,49.01,48.5
1892,NE,Benjamin Harrison,republican,12.46,41.53,43.56
1892,NH,Benjamin Harrison,republican,47.11,0.33,51.11
1892,NJ,Grover Cleveland,democrat,50.67,0.29,46.24
1892,NV,James B. Weaver,other,6.56,66.78,25.84
1892,NY,Grover Cleveland,democrat,48.99,1.23,45.58
1892,OH,Benjamin Harrison,republican,47.53,1.75,47.66
1892,OR,Benjamin Harrison,republican,18.15,34.35,44.59
1892,PA,Benjamin Harrison,republican,45.09,NA,51.45
1892,RI,Benjamin Harrison,republican,45.75,0.43,50.71
1892,SC,Grover Cleveland,democrat,77.56,3.41,18.93
1892,SD,Benjamin Harrison,republican,12.88,37.64,49.48
1892,TN,Grover Cleveland,democrat,51.36,9,37.83
1892,TX,Grover Cleveland,democrat,56.65,23.61,19.22
1892,VA,Grover Cleveland,democrat,56.17,4.2,38.7
1892,VT,Benjamin Harrison,republican,29.26,0.08,68.09
1892,WA,Benjamin Harrison,republican,33.88,21.79,41.45
1892,WI,Grover Cleveland,democrat,47.72,2.7,46.05
1892,WV,Grover Cleveland,democrat,49.37,2.44,46.93
1892,WY,Benjamin Harrison,republican,NA,46.14,50.52
1896,AL,William Jennings Bryan,democrat,66.96,NA,28.61
1896,AR,William Jennings Bryan,democrat,73.7,0.6,25.11
1896,CA,William McKinley,republican,48.51,NA,49.16
1896,CO,William Jennings Bryan,democrat,84.95,NA,13.86
1896,CT,William McKinley,republican,32.54,NA,63.24
1896,DE,William McKinley,republican,43.1,NA,53.18
1896,FL,William Jennings Bryan,democrat,70.46,3.82,24.3
1896,GA,William Jennings Bryan,democrat,57.78,NA,36.56
1896,IA,William McKinley,republican,42.9,NA,55.47
1896,ID,William Jennings Bryan,democrat,78.1,NA,21.32
1896,IL,William McKinley,republican,42.68,NA,55.66
1896,IN,William McKinley,republican,47.96,NA,50.82
1896,KS,William Jennings Bryan,democrat,51.32,NA,47.63
1896,KY,William McKinley,republican,48.86,NA,48.93
1896,LA,William Jennings Bryan,democrat,76.38,NA,21.81
1896,MA,William McKinley,republican,26.32,NA,69.47
1896,MD,William McKinley,republican,41.62,NA,54.73
1896,ME,William McKinley,republican,29.21,NA,67.9
1896,MI,William McKinley,republican,43.47,NA,53.77
1896,MN,William McKinley,republican,40.89,NA,56.62
1896,MO,William Jennings Bryan,democrat,53.96,NA,45.25
1896,MS,William Jennings Bryan,democrat,91.04,NA,6.92
1896,MT,William Jennings Bryan,democrat,79.93,NA,19.71
1896,NC,William Jennings Bryan,democrat,52.64,NA,46.82
1896,ND,William McKinley,republican,43.65,NA,55.57
1896,NE,William Jennings Bryan,democrat,51.53,NA,46.18
1896,NH,William McKinley,republican,25.88,NA,68.66
1896,NJ,William McKinley,republican,36.02,NA,59.68
1896,NV,William Jennings Bryan,democrat,81.21,NA,18.79
1896,NY,William McKinley,republican,38.72,NA,57.58
1896,OH,William McKinley,republican,47.08,NA,51.86
1896,OR,William McKinley,republican,47.98,NA,50.07
1896,PA,William McKinley,republican,36.27,NA,60.98
1896,RI,William McKinley,republican,26.39,NA,68.33
1896,SC,William Jennings Bryan,democrat,85.3,NA,13.51
1896,SD,William Jennings Bryan,democrat,49.7,NA,49.48
1896,TN,William Jennings Bryan,democrat,52.09,NA,46.33
1896,TX,William Jennings Bryan,democrat,68,NA,30.75
1896,UT,William Jennings Bryan,democrat,82.73,NA,17.27
1896,VA,William Jennings Bryan,democrat,52.5,NA,45.94
1896,VT,William McKinley,republican,16.66,NA,80.08
1896,WA,William Jennings Bryan,democrat,56.97,NA,41.84
1896,WI,William McKinley,republican,37,NA,59.93
1896,WV,William McKinley,republican,46.83,NA,52.23
1896,WY,William Jennings Bryan,democrat,51.49,0.75,47.75
1900,AL,William Jennings Bryan,democrat,60.82,NA,34.82
1900,AR,William Jennings Bryan,democrat,63.49,0.76,35.01
1900,CA,William McKinley,republican,41.34,NA,54.5
1900,CO,William Jennings Bryan,democrat,55.43,NA,42.04
1900,CT,William McKinley,republican,41.07,NA,56.92
1900,DE,William McKinley,republican,44.9,NA,53.67
1900,FL,William Jennings Bryan,democrat,71.31,5.66,18.55
1900,GA,William Jennings Bryan,democrat,66.86,NA,28.22
1900,IA,William McKinley,republican,39.46,NA,58.04
1900,ID,William Jennings Bryan,democrat,50.79,NA,46.96
1900,IL,William McKinley,republican,44.44,NA,52.83
1900,IN,William McKinley,republican,46.62,NA,50.6
1900,KS,William McKinley,republican,45.96,NA,52.56
1900,KY,William Jennings Bryan,democrat,50.21,NA,48.51
1900,LA,William Jennings Bryan,democrat,79.03,NA,20.96
1900,MA,William McKinley,republican,37.85,NA,57.59
1900,MD,William McKinley,republican,46.23,NA,51.5
1900,ME,William McKinley,republican,34.84,NA,61.89
1900,MI,William McKinley,republican,38.89,NA,58.1
1900,MN,William McKinley,republican,35.69,NA,60.21
1900,MO,William Jennings Bryan,democrat,51.48,NA,45.94
1900,MS,William Jennings Bryan,democrat,87.56,NA,9.66
1900,MT,William Jennings Bryan,democrat,58.43,NA,39.79
1900,NC,William Jennings Bryan,democrat,53.92,NA,45.47
1900,ND,William McKinley,republican,35.53,NA,62.12
1900,NE,William McKinley,republican,47.22,NA,50.46
1900,NH,William McKinley,republican,38.42,NA,59.33
1900,NJ,William McKinley,republican,41.09,NA,55.28
1900,NV,William Jennings Bryan,democrat,62.25,NA,37.75
1900,NY,William McKinley,republican,43.83,NA,53.1
1900,OH,William McKinley,republican,45.66,NA,52.3
1900,OR,William McKinley,republican,39.41,NA,55.46
1900,PA,William McKinley,republican,36.16,NA,60.74
1900,RI,William McKinley,republican,35.04,NA,59.74
1900,SC,William Jennings Bryan,democrat,92.96,NA,7.04
1900,SD,William McKinley,republican,41.14,NA,56.73
1900,TN,William Jennings Bryan,democrat,53.03,NA,44.95
1900,TX,William Jennings Bryan,democrat,63.12,NA,30.83
1900,UT,William McKinley,republican,48.3,0.77,50.59
1900,VA,William Jennings Bryan,democrat,55.29,NA,43.82
1900,VT,William McKinley,republican,22.86,NA,75.73
1900,WA,William McKinley,republican,41.7,NA,53.44
1900,WI,William McKinley,republican,35.97,NA,60.06
1900,WV,William McKinley,republican,44.75,NA,54.27
1900,WY,William McKinley,republican,41.17,0.09,58.66
1904,AL,Alton B. Parker,democrat,73.35,NA,20.66
1904,AR,Alton B. Parker,democrat,55.39,1.99,40.2
1904,CA,Theodore Roosevelt,republican,26.94,NA,61.84
1904,CO,Theodore Roosevelt,republican,41.08,NA,55.26
1904,CT,Theodore Roosevelt,republican,38.15,NA,58.12
1904,DE,Theodore Roosevelt,republican,44.11,NA,54.05
1904,FL,Alton B. Parker,democrat,68.82,5.95,21.15
1904,GA,Alton B. Parker,democrat,63.72,NA,18.33
1904,IA,Theodore Roosevelt,republican,30.71,NA,63.39
1904,ID,Theodore Roosevelt,republican,25.46,NA,65.84
1904,IL,Theodore Roosevelt,republican,30.43,NA,58.77
1904,IN,Theodore Roosevelt,republican,40.22,NA,53.99
1904,KS,Theodore Roosevelt,republican,26.23,NA,64.81
1904,KY,Alton B. Parker,democrat,49.82,NA,47.13
1904,LA,Alton B. Parker,democrat,88.5,NA,9.66
1904,MA,Theodore Roosevelt,republican,37.24,NA,57.92
1904,MD,Theodore Roosevelt,republican,48.81,NA,48.83
1904,ME,Theodore Roosevelt,republican,28.49,NA,67.44
1904,MI,Theodore Roosevelt,republican,25.79,NA,69.51
1904,MN,Theodore Roosevelt,republican,18.84,NA,73.98
1904,MO,Theodore Roosevelt,republican,46.02,NA,49.93
1904,MS,Alton B. Parker,democrat,91.07,NA,5.59
1904,MT,Theodore Roosevelt,republican,33.79,NA,54.21
1904,NC,Alton B. Parker,democrat,59.71,NA,39.67
1904,ND,Theodore Roosevelt,republican,20.39,NA,75.12
1904,NE,Theodore Roosevelt,republican,23.44,NA,61.38
1904,NH,Theodore Roosevelt,republican,37.79,NA,60.07
1904,NJ,Theodore Roosevelt,republican,38.05,NA,56.68
1904,NV,Theodore Roosevelt,republican,32.87,NA,56.66
1904,NY,Theodore Roosevelt,republican,42.28,NA,53.13
1904,OH,Theodore Roosevelt,republican,34.32,NA,59.75
1904,OR,Theodore Roosevelt,republican,19.43,NA,67.06
1904,PA,Theodore Roosevelt,republican,27.33,NA,68
1904,RI,Theodore Roosevelt,republican,36.18,NA,60.6
1904,SC,Alton B. Parker,democrat,95.36,NA,4.63
1904,SD,Theodore Roosevelt,republican,21.67,NA,71.09
1904,TN,Alton B. Parker,democrat,54.23,NA,43.4
1904,TX,Alton B. Parker,democrat,71.45,NA,21.9
1904,UT,Theodore Roosevelt,republican,32.88,5.67,61.45
1904,VA,Alton B. Parker,democrat,61.84,NA,36.95
1904,VT,Theodore Roosevelt,republican,18.84,NA,77.97
1904,WA,Theodore Roosevelt,republican,19.36,NA,69.95
1904,WI,Theodore Roosevelt,republican,28.01,NA,63.21
1904,WV,Theodore Roosevelt,republican,42.03,NA,55.26
1904,WY,Theodore Roosevelt,republican,29.17,3.22,66.93
1908,AL,William Jennings Bryan,democrat,70.75,NA,24.31
1908,AR,William Jennings Bryan,democrat,57.31,3.85,37.33
1908,CA,William Howard Taft,republican,32.98,NA,55.46
1908,CO,William Jennings Bryan,democrat,48,NA,46.88
1908,CT,William Howard Taft,republican,35.92,NA,59.43
1908,DE,William Howard Taft,republican,45.94,NA,52.1
1908,FL,William Jennings Bryan,democrat,63.01,7.59,21.58
1908,GA,William Jennings Bryan,democrat,54.6,NA,31.21
1908,IA,William Howard Taft,republican,40.58,NA,55.62
1908,ID,William Howard Taft,republican,37.17,NA,54.09
1908,IL,William Howard Taft,republican,39.02,NA,54.53
1908,IN,William Howard Taft,republican,46.91,NA,48.4
1908,KS,William Howard Taft,republican,42.88,NA,52.46
1908,KY,William Jennings Bryan,democrat,49.74,NA,48.03
1908,LA,William Jennings Bryan,democrat,84.63,NA,11.93
1908,MA,William Howard Taft,republican,34.04,NA,58.21
1908,MD,William Howard Taft,republican,48.59,NA,48.85
1908,ME,William Howard Taft,republican,33.29,NA,63
1908,MI,William Howard Taft,republican,32.44,NA,61.93
1908,MN,William Howard Taft,republican,33.02,NA,59.11
1908,MO,William Howard Taft,republican,48.41,NA,48.5
1908,MS,William Jennings Bryan,democrat,90.11,NA,6.52
1908,MT,William Howard Taft,republican,42.61,NA,46.98
1908,NC,William Jennings Bryan,democrat,54.22,NA,45.49
1908,ND,William Howard Taft,republican,34.79,NA,61.02
1908,NE,William Jennings Bryan,democrat,49.14,NA,47.6
1908,NH,William Howard Taft,republican,37.56,NA,59.32
1908,NJ,William Howard Taft,republican,39.07,NA,56.8
1908,NV,William Jennings Bryan,democrat,45.71,NA,43.93
1908,NY,William Howard Taft,republican,40.74,NA,53.11
1908,OH,William Howard Taft,republican,44.82,NA,51.03
1908,OK,William Jennings Bryan,democrat,47.99,NA,43.33
1908,OR,William Howard Taft,republican,34.31,NA,56.39
1908,PA,William Howard Taft,republican,35.41,NA,58.84
1908,RI,William Howard Taft,republican,34.16,NA,60.76
1908,SC,William Jennings Bryan,democrat,93.84,NA,5.94
1908,SD,William Howard Taft,republican,35.08,NA,58.84
1908,TN,William Jennings Bryan,democrat,52.73,NA,45.87
1908,TX,William Jennings Bryan,democrat,73.97,NA,22.35
1908,UT,William Howard Taft,republican,39.18,4.5,56.24
1908,VA,William Jennings Bryan,democrat,60.52,NA,38.36
1908,VT,William Howard Taft,republican,21.82,NA,75.08
1908,WA,William Howard Taft,republican,31.92,NA,57.68
1908,WI,William Howard Taft,republican,36.67,NA,54.52
1908,WV,William Howard Taft,republican,43.17,NA,53.42
1908,WY,William Howard Taft,republican,39.67,4.56,55.43
1912,AL,Woodrow Wilson,democrat,69.89,19.23,8.31
1912,AR,Woodrow Wilson,democrat,55.01,17.3,20.45
1912,AZ,Woodrow Wilson,democrat,43.6,29.3,NA
1912,CA,Theodore Roosevelt,other,41.81,41.83,NA
1912,CO,Woodrow Wilson,democrat,42.8,27.09,21.88
1912,CT,Woodrow Wilson,democrat,39.16,17.92,35.88
1912,DE,Woodrow Wilson,democrat,46.48,18.25,32.85
1912,FL,Woodrow Wilson,democrat,69.52,9.45,NA
1912,GA,Woodrow Wilson,democrat,76.63,18.1,4.27
1912,IA,Woodrow Wilson,democrat,37.64,32.87,24.33
1912,ID,Woodrow Wilson,democrat,32.08,24.14,31.02
1912,IL,Woodrow Wilson,democrat,35.34,33.72,22.13
1912,IN,Woodrow Wilson,democrat,43.07,24.75,23.11
1912,KS,Woodrow Wilson,democrat,39.3,32.88,20.47
1912,KY,Woodrow Wilson,democrat,48.48,22.48,25.52
1912,LA,Woodrow Wilson,democrat,76.81,11.71,4.84
1912,MA,Woodrow Wilson,democrat,35.53,29.14,31.95
1912,MD,Woodrow Wilson,democrat,48.57,24.91,23.69
1912,ME,Woodrow Wilson,democrat,39.43,37.41,20.48
1912,MI,Theodore Roosevelt,other,27.36,38.95,27.63
1912,MN,Theodore Roosevelt,other,31.84,37.66,19.25
1912,MO,Woodrow Wilson,democrat,47.35,17.8,29.75
1912,MS,Woodrow Wilson,democrat,88.9,5.5,2.42
1912,MT,Woodrow Wilson,democrat,35,28.13,23.19
1912,NC,Woodrow Wilson,democrat,59.24,28.36,11.95
1912,ND,Woodrow Wilson,democrat,34.14,29.71,26.67
1912,NE,Woodrow Wilson,democrat,43.69,29.13,21.74
1912,NH,Woodrow Wilson,democrat,39.48,20.23,37.43
1912,NJ,Woodrow Wilson,democrat,41.2,33.6,20.53
1912,NM,Woodrow Wilson,democrat,41.87,17.1,35.17
1912,NV,Woodrow Wilson,democrat,39.7,27.94,15.89
1912,NY,Woodrow Wilson,democrat,41.27,24.56,28.68
1912,OH,Woodrow Wilson,democrat,40.96,22.16,26.82
1912,OK,Woodrow Wilson,democrat,46.95,NA,35.77
1912,OR,Woodrow Wilson,democrat,34.34,27.44,25.3
1912,PA,Theodore Roosevelt,other,32.49,36.53,22.45
1912,RI,Woodrow Wilson,democrat,39.04,21.67,35.56
1912,SC,Woodrow Wilson,democrat,95.94,2.57,1.06
1912,SD,Theodore Roosevelt,other,42.07,50.56,NA
1912,TN,Woodrow Wilson,democrat,52.8,21.45,24
1912,TX,Woodrow Wilson,democrat,72.62,9.46,8.77
1912,UT,William Howard Taft,republican,32.58,21.53,37.42
1912,VA,Woodrow Wilson,democrat,65.95,15.9,17
1912,VT,William Howard Taft,republican,24.43,35.22,37.13
1912,WA,Theodore Roosevelt,other,26.9,35.22,21.82
1912,WI,Woodrow Wilson,democrat,41.06,15.61,32.65
1912,WV,Woodrow Wilson,democrat,42.11,29.43,21.11
1912,WY,Woodrow Wilson,democrat,36.2,21.83,34.42
1916,AL,Woodrow Wilson,democrat,76.04,NA,21.92
1916,AR,Woodrow Wilson,democrat,66.65,4.16,29.03
1916,AZ,Woodrow Wilson,democrat,57.2,5.5,35.4
1916,CA,Woodrow Wilson,democrat,46.65,NA,46.27
1916,CO,Woodrow Wilson,democrat,60.74,NA,34.75
1916,CT,Charles Evans Hughes,republican,46.66,NA,49.8
1916,DE,Charles Evans Hughes,republican,47.78,NA,50.2
1916,FL,Woodrow Wilson,democrat,69.34,6.63,18.1
1916,GA,Woodrow Wilson,democrat,79.51,NA,7.03
1916,IA,Charles Evans Hughes,republican,42.55,NA,54.57
1916,ID,Woodrow Wilson,democrat,52.04,NA,41.13
1916,IL,Charles Evans Hughes,republican,43.34,NA,52.56
1916,IN,Charles Evans Hughes,republican,46.47,NA,47.44
1916,KS,Woodrow Wilson,democrat,49.95,NA,44.09
1916,KY,Woodrow Wilson,democrat,51.91,NA,46.5
1916,LA,Woodrow Wilson,democrat,85.9,NA,6.95
1916,MA,Charles Evans Hughes,republican,46.61,NA,50.54
1916,MD,Woodrow Wilson,democrat,52.8,NA,44.78
1916,ME,Charles Evans Hughes,republican,46.97,NA,50.99
1916,MI,Charles Evans Hughes,republican,44.05,NA,52.09
1916,MN,Charles Evans Hughes,republican,46.25,NA,46.35
1916,MO,Woodrow Wilson,democrat,50.59,NA,46.94
1916,MS,Woodrow Wilson,democrat,92.78,NA,4.91
1916,MT,Woodrow Wilson,democrat,56.88,NA,37.57
1916,NC,Woodrow Wilson,democrat,58.1,NA,41.71
1916,ND,Woodrow Wilson,democrat,47.84,NA,46.34
1916,NE,Woodrow Wilson,democrat,55.28,NA,40.99
1916,NH,Woodrow Wilson,democrat,49.12,NA,49.06
1916,NJ,Charles Evans Hughes,republican,42.68,NA,54.4
1916,NM,Woodrow Wilson,democrat,50.38,2.96,46.5
1916,NV,Woodrow Wilson,democrat,53.36,NA,36.4
1916,NY,Charles Evans Hughes,republican,44.51,NA,51.53
1916,OH,Woodrow Wilson,democrat,51.86,NA,44.18
1916,OK,Woodrow Wilson,democrat,50.59,NA,33.21
1916,OR,Charles Evans Hughes,republican,45.9,NA,48.47
1916,PA,Charles Evans Hughes,republican,40.22,NA,54.26
1916,RI,Charles Evans Hughes,republican,46,NA,51.08
1916,SC,Woodrow Wilson,democrat,96.71,NA,2.42
1916,SD,Charles Evans Hughes,republican,45.91,NA,49.8
1916,TN,Woodrow Wilson,democrat,56.31,NA,42.7
1916,TX,Woodrow Wilson,democrat,76.92,NA,17.45
1916,UT,Woodrow Wilson,democrat,58.78,3.12,37.82
1916,VA,Woodrow Wilson,democrat,66.99,NA,31.83
1916,VT,Charles Evans Hughes,republican,35.22,NA,62.43
1916,WA,Woodrow Wilson,democrat,48.13,NA,43.89
1916,WI,Charles Evans Hughes,republican,42.8,NA,49.39
1916,WV,Charles Evans Hughes,republican,48.44,NA,49.38
1916,WY,Woodrow Wilson,democrat,54.62,2.8,41.86
1920,AL,James M. Cox,democrat,67.31,NA,31.37
1920,AR,James M. Cox,democrat,58.49,2.78,38.73
1920,AZ,Warren G. Harding,republican,44.2,0.3,55.4
1920,CA,Warren G. Harding,republican,24.28,NA,66.2
1920,CO,Warren G. Harding,republican,35.93,1.03,59.32
1920,CT,Warren G. Harding,republican,33.03,0.53,62.72
1920,DE,Warren G. Harding,republican,42.07,0.1,55.71
1920,FL,James M. Cox,democrat,62.13,3.56,30.79
1920,GA,James M. Cox,democrat,72.28,NA,27.72
1920,IA,Warren G. Harding,republican,25.46,1.15,70.91
1920,ID,Warren G. Harding,republican,34.34,NA,65.6
1920,IL,Warren G. Harding,republican,25.51,2.37,67.81
1920,IN,Warren G. Harding,republican,40.49,1.31,55.14
1920,KS,Warren G. Harding,republican,32.52,NA,64.75
1920,KY,James M. Cox,democrat,49.69,NA,49.25
1920,LA,James M. Cox,democrat,69.24,NA,30.49
1920,MA,Warren G. Harding,republican,27.84,NA,68.55
1920,MD,Warren G. Harding,republican,42.16,0.38,55.11
1920,ME,Warren G. Harding,republican,29.8,NA,68.92
1920,MI,Warren G. Harding,republican,22.27,1,72.76
1920,MN,Warren G. Harding,republican,19.43,NA,70.59
1920,MO,Warren G. Harding,republican,43.13,0.25,54.56
1920,MS,James M. Cox,democrat,83.98,NA,14.03
1920,MT,Warren G. Harding,republican,32.05,6.82,61.13
1920,NC,James M. Cox,democrat,56.7,NA,43.22
1920,ND,Warren G. Harding,republican,18.19,NA,77.79
1920,NE,Warren G. Harding,republican,31.25,NA,64.66
1920,NH,Warren G. Harding,republican,39.39,NA,59.84
1920,NJ,Warren G. Harding,republican,28.42,0.24,67.65
1920,NM,Warren G. Harding,republican,44.27,1.05,54.67
1920,NV,Warren G. Harding,republican,36.22,NA,56.92
1920,NY,Warren G. Harding,republican,26.95,0.64,64.56
1920,OH,Warren G. Harding,republican,38.58,NA,58.47
1920,OK,Warren G. Harding,republican,44.61,NA,50.11
1920,OR,Warren G. Harding,republican,33.55,NA,60.2
1920,PA,Warren G. Harding,republican,27.2,NA,65.76
1920,RI,Warren G. Harding,republican,32.78,NA,63.97
1920,SC,James M. Cox,democrat,96.05,NA,3.91
1920,SD,Warren G. Harding,republican,19.72,19.04,60.74
1920,TN,Warren G. Harding,republican,48.19,NA,51.29
1920,TX,James M. Cox,democrat,59.34,NA,23.54
1920,UT,Warren G. Harding,republican,38.84,3.07,55.93
1920,VA,James M. Cox,democrat,61.32,0.11,37.85
1920,VT,Warren G. Harding,republican,23.25,NA,75.82
1920,WA,Warren G. Harding,republican,21.14,19.37,55.96
1920,WI,Warren G. Harding,republican,16.17,NA,71.1
1920,WV,Warren G. Harding,republican,43.3,NA,55.3
1920,WY,Warren G. Harding,republican,31.86,3.99,64.15
1924,AL,John W. Davis,democrat,67.81,4.85,27.01
1924,AR,John W. Davis,democrat,61.2,9.5,29.29
1924,AZ,Calvin Coolidge,republican,35.5,23.3,41.3
1924,CA,Calvin Coolidge,republican,NA,33.13,57.2
1924,CO,Calvin Coolidge,republican,21.98,20.44,57.02
1924,CT,Calvin Coolidge,republican,27.53,10.6,61.54
1924,DE,Calvin Coolidge,republican,36.8,5.48,57.7
1924,FL,John W. Davis,democrat,56.88,7.9,28.06
1924,GA,John W. Davis,democrat,73.96,7.62,18.19
1924,IA,Calvin Coolidge,republican,16.64,27.87,55.03
1924,ID,Calvin Coolidge,republican,16.36,36.52,47.12
1924,IL,Calvin Coolidge,republican,23.36,17.49,58.84
1924,IN,Calvin Coolidge,republican,38.69,5.64,55.25
1924,KS,Calvin Coolidge,republican,23.6,14.86,61.54
1924,KY,Calvin Coolidge,republican,45.98,4.72,48.93
1924,LA,John W. Davis,democrat,76.44,NA,20.23
1924,MA,Calvin Coolidge,republican,24.86,12.5,62.26
1924,MD,Calvin Coolidge,republican,41.29,13.15,45.29
1924,ME,Calvin Coolidge,republican,21.83,5.92,72.03
1924,MI,Calvin Coolidge,republican,13.13,10.51,75.37
1924,MN,Calvin Coolidge,republican,6.8,41.26,51.18
1924,MO,Calvin Coolidge,republican,43.79,6.43,49.58
1924,MS,John W. Davis,democrat,89.34,3.11,7.55
1924,MT,Calvin Coolidge,republican,19.38,37.91,42.5
1924,NC,John W. Davis,democrat,58.89,1.38,39.73
1924,ND,Calvin Coolidge,republican,6.96,45.17,47.68
1924,NE,Calvin Coolidge,republican,29.58,22.99,47.09
1924,NH,Calvin Coolidge,republican,34.72,5.46,59.83
1924,NJ,Calvin Coolidge,republican,27.41,10.03,62.17
1924,NM,Calvin Coolidge,republican,43.02,8.46,48.52
1924,NV,Calvin Coolidge,republican,21.95,36.29,41.76
1924,NY,Calvin Coolidge,republican,29.13,14.55,55.76
1924,OH,Calvin Coolidge,republican,23.7,17.75,58.33
1924,OK,John W. Davis,democrat,48.41,8.78,42.82
1924,OR,Calvin Coolidge,republican,24.18,24.47,51.01
1924,PA,Calvin Coolidge,republican,19.08,14.34,65.34
1924,RI,Calvin Coolidge,republican,36.46,3.63,59.63
1924,SC,John W. Davis,democrat,96.56,1.22,2.21
1924,SD,Calvin Coolidge,republican,13.35,36.96,49.69
1924,TN,John W. Davis,democrat,52.8,3.55,43.59
1924,TX,John W. Davis,democrat,73.7,6.52,19.78
1924,UT,Calvin Coolidge,republican,29.94,20.81,49.26
1924,VA,John W. Davis,democrat,62.48,4.64,32.79
1924,VT,Calvin Coolidge,republican,15.67,5.79,78.22
1924,WA,Calvin Coolidge,republican,10.16,35.76,52.24
1924,WI,Robert M. La Follette,other,8.1,53.96,37.06
1924,WV,Calvin Coolidge,republican,44.07,6.29,49.45
1924,WY,Calvin Coolidge,republican,16.11,31.51,52.39
1928,AL,Al Gore,democrat,51.33,NA,48.49
1928,AR,Al Gore,democrat,60.28,0.22,39.34
1928,AZ,Herbert Hoover,republican,42.2,0.2,57.6
1928,CA,Herbert Hoover,republican,34.19,NA,64.69
1928,CO,Herbert Hoover,republican,33.94,NA,64.72
1928,CT,Herbert Hoover,republican,45.57,NA,53.63
1928,DE,Herbert Hoover,republican,34.6,NA,65.03
1928,FL,Herbert Hoover,republican,40.12,1.59,56.83
1928,GA,Al Gore,democrat,56.56,NA,43.36
1928,IA,Herbert Hoover,republican,37.57,NA,61.77
1928,ID,Herbert Hoover,republican,34.93,NA,64.22
1928,IL,Herbert Hoover,republican,42.28,NA,56.93
1928,IN,Herbert Hoover,republican,39.59,NA,59.68
1928,KS,Herbert Hoover,republican,27.06,NA,72.02
1928,KY,Herbert Hoover,republican,40.51,NA,59.33
1928,LA,Al Gore,democrat,76.29,NA,23.7
1928,MA,Al Gore,democrat,50.24,NA,49.15
1928,MD,Herbert Hoover,republican,42.33,NA,57.06
1928,ME,Herbert Hoover,republican,30.96,NA,68.63
1928,MI,Herbert Hoover,republican,28.92,NA,70.36
1928,MN,Herbert Hoover,republican,40.83,NA,57.77
1928,MO,Herbert Hoover,republican,44.15,NA,55.58
1928,MS,Al Gore,democrat,82.1,NA,17.9
1928,MT,Herbert Hoover,republican,40.48,NA,58.37
1928,NC,Herbert Hoover,republican,45.06,NA,54.94
1928,ND,Herbert Hoover,republican,44.46,NA,54.8
1928,NE,Herbert Hoover,republican,36.18,NA,63.19
1928,NH,Herbert Hoover,republican,41.02,NA,58.65
1928,NJ,Herbert Hoover,republican,39.8,NA,59.77
1928,NM,Herbert Hoover,republican,40.83,0.13,59.04
1928,NV,Herbert Hoover,republican,43.46,NA,56.54
1928,NY,Herbert Hoover,republican,47.44,NA,49.79
1928,OH,Herbert Hoover,republican,34.45,NA,64.89
1928,OK,Herbert Hoover,republican,35.44,NA,63.72
1928,OR,Herbert Hoover,republican,34.14,NA,64.18
1928,PA,Herbert Hoover,republican,33.89,NA,65.24
1928,RI,Al Gore,democrat,50.16,NA,49.55
1928,SC,Al Gore,democrat,91.39,NA,8.54
1928,SD,Herbert Hoover,republican,39.2,NA,60.18
1928,TN,Herbert Hoover,republican,46.04,NA,53.76
1928,TX,Herbert Hoover,republican,48.1,NA,51.77
1928,UT,Herbert Hoover,republican,45.86,0.54,53.58
1928,VA,Herbert Hoover,republican,45.9,NA,53.91
1928,VT,Herbert Hoover,republican,32.87,NA,66.87
1928,WA,Herbert Hoover,republican,31.3,NA,67.06
1928,WI,Herbert Hoover,republican,44.28,NA,53.52
1928,WV,Herbert Hoover,republican,41.04,NA,58.43
1928,WY,Herbert Hoover,republican,35.37,0.95,63.68
1932,AL,Franklin D. Roosevelt,democrat,84.74,NA,14.13
1932,AR,Franklin D. Roosevelt,democrat,86.27,0.59,12.68
1932,AZ,Franklin D. Roosevelt,democrat,67,2.2,30.5
1932,CA,Franklin D. Roosevelt,democrat,58.39,NA,37.39
1932,CO,Franklin D. Roosevelt,democrat,54.81,NA,41.43
1932,CT,Herbert Hoover,republican,47.4,NA,48.54
1932,DE,Herbert Hoover,republican,48.11,NA,50.55
1932,FL,Franklin D. Roosevelt,democrat,74.49,0.28,24.98
1932,GA,Franklin D. Roosevelt,democrat,91.6,NA,7.77
1932,IA,Franklin D. Roosevelt,democrat,57.69,NA,39.98
1932,ID,Franklin D. Roosevelt,democrat,58.66,NA,38.27
1932,IL,Franklin D. Roosevelt,democrat,55.23,NA,42.04
1932,IN,Franklin D. Roosevelt,democrat,54.67,NA,42.94
1932,KS,Franklin D. Roosevelt,democrat,53.56,NA,44.13
1932,KY,Franklin D. Roosevelt,democrat,59.06,NA,40.15
1932,LA,Franklin D. Roosevelt,democrat,92.79,NA,7.01
1932,MA,Franklin D. Roosevelt,democrat,50.64,NA,46.64
1932,MD,Franklin D. Roosevelt,democrat,61.5,NA,36.04
1932,ME,Herbert Hoover,republican,43.19,NA,55.83
1932,MI,Franklin D. Roosevelt,democrat,52.36,NA,44.44
1932,MN,Franklin D. Roosevelt,democrat,59.91,NA,36.29
1932,MO,Franklin D. Roosevelt,democrat,63.69,NA,35.08
1932,MS,Franklin D. Roosevelt,democrat,95.98,NA,3.55
1932,MT,Franklin D. Roosevelt,democrat,58.8,NA,36.07
1932,NC,Franklin D. Roosevelt,democrat,69.93,NA,29.28
1932,ND,Franklin D. Roosevelt,democrat,69.59,NA,28
1932,NE,Franklin D. Roosevelt,democrat,62.98,NA,35.29
1932,NH,Herbert Hoover,republican,48.99,NA,50.42
1932,NJ,Franklin D. Roosevelt,democrat,49.49,NA,47.59
1932,NM,Franklin D. Roosevelt,democrat,62.72,1.17,35.76
1932,NV,Franklin D. Roosevelt,democrat,69.41,NA,30.59
1932,NY,Franklin D. Roosevelt,democrat,54.07,NA,41.33
1932,OH,Franklin D. Roosevelt,democrat,49.88,NA,47.03
1932,OK,Franklin D. Roosevelt,democrat,73.3,NA,26.7
1932,OR,Franklin D. Roosevelt,democrat,57.99,NA,36.88
1932,PA,Herbert Hoover,republican,45.33,NA,50.84
1932,RI,Franklin D. Roosevelt,democrat,55.08,NA,43.31
1932,SC,Franklin D. Roosevelt,democrat,98.03,NA,1.89
1932,SD,Franklin D. Roosevelt,democrat,63.62,NA,34.4
1932,TN,Franklin D. Roosevelt,democrat,66.49,NA,32.48
1932,TX,Franklin D. Roosevelt,democrat,88.06,NA,11.35
1932,UT,Franklin D. Roosevelt,democrat,56.52,1.98,41.05
1932,VA,Franklin D. Roosevelt,democrat,68.46,NA,30.09
1932,VT,Herbert Hoover,republican,41.08,NA,57.66
1932,WA,Franklin D. Roosevelt,democrat,57.46,NA,33.94
1932,WI,Franklin D. Roosevelt,democrat,63.46,NA,31.19
1932,WV,Franklin D. Roosevelt,democrat,54.47,NA,44.47
1932,WY,Franklin D. Roosevelt,democrat,56.07,2.92,40.82
1936,AL,Franklin D. Roosevelt,democrat,86.38,NA,12.82
1936,AR,Franklin D. Roosevelt,democrat,81.79,0.25,17.86
1936,AZ,Franklin D. Roosevelt,democrat,69.8,2.7,26.9
1936,CA,Franklin D. Roosevelt,democrat,66.95,NA,31.7
1936,CO,Franklin D. Roosevelt,democrat,60.37,NA,37.09
1936,CT,Franklin D. Roosevelt,democrat,55.32,NA,40.35
1936,DE,Franklin D. Roosevelt,democrat,54.62,NA,44.85
1936,FL,Franklin D. Roosevelt,democrat,76.08,NA,23.9
1936,GA,Franklin D. Roosevelt,democrat,87.1,NA,12.6
1936,IA,Franklin D. Roosevelt,democrat,54.41,NA,42.7
1936,ID,Franklin D. Roosevelt,democrat,62.96,NA,33.19
1936,IL,Franklin D. Roosevelt,democrat,57.7,NA,39.69
1936,IN,Franklin D. Roosevelt,democrat,56.63,NA,41.89
1936,KS,Franklin D. Roosevelt,democrat,53.67,NA,45.95
1936,KY,Franklin D. Roosevelt,democrat,58.51,NA,39.92
1936,LA,Franklin D. Roosevelt,democrat,88.82,NA,11.16
1936,MA,Franklin D. Roosevelt,democrat,51.22,NA,41.76
1936,MD,Franklin D. Roosevelt,democrat,62.35,NA,37.04
1936,ME,Alfred M. Landon,republican,41.52,NA,55.49
1936,MI,Franklin D. Roosevelt,democrat,56.33,NA,38.76
1936,MN,Franklin D. Roosevelt,democrat,61.84,NA,31.01
1936,MO,Franklin D. Roosevelt,democrat,60.76,NA,38.16
1936,MS,Franklin D. Roosevelt,democrat,97.06,NA,2.74
1936,MT,Franklin D. Roosevelt,democrat,69.28,NA,27.59
1936,NC,Franklin D. Roosevelt,democrat,73.4,NA,26.6
1936,ND,Franklin D. Roosevelt,democrat,59.6,NA,26.58
1936,NE,Franklin D. Roosevelt,democrat,57.14,NA,40.74
1936,NH,Franklin D. Roosevelt,democrat,49.73,NA,47.98
1936,NJ,Franklin D. Roosevelt,democrat,59.54,NA,39.57
1936,NM,Franklin D. Roosevelt,democrat,62.69,0.55,36.5
1936,NV,Franklin D. Roosevelt,democrat,72.81,NA,27.19
1936,NY,Franklin D. Roosevelt,democrat,58.85,NA,38.97
1936,OH,Franklin D. Roosevelt,democrat,57.99,NA,37.44
1936,OK,Franklin D. Roosevelt,democrat,66.83,NA,32.69
1936,OR,Franklin D. Roosevelt,democrat,64.42,NA,29.64
1936,PA,Franklin D. Roosevelt,democrat,56.88,NA,40.84
1936,RI,Franklin D. Roosevelt,democrat,53.1,NA,40.18
1936,SC,Franklin D. Roosevelt,democrat,98.57,NA,1.43
1936,SD,Franklin D. Roosevelt,democrat,54.02,NA,42.49
1936,TN,Franklin D. Roosevelt,democrat,68.85,NA,30.75
1936,TX,Franklin D. Roosevelt,democrat,87.08,NA,12.31
1936,UT,Franklin D. Roosevelt,democrat,69.34,0.52,29.79
1936,VA,Franklin D. Roosevelt,democrat,70.23,NA,29.39
1936,VT,Alfred M. Landon,republican,43.24,NA,56.39
1936,WA,Franklin D. Roosevelt,democrat,66.38,NA,29.88
1936,WI,Franklin D. Roosevelt,democrat,63.8,NA,30.26
1936,WV,Franklin D. Roosevelt,democrat,60.56,NA,39.2
1936,WY,Franklin D. Roosevelt,democrat,64.59,1.7,39.95
1940,AL,Franklin D. Roosevelt,democrat,85.22,NA,14.34
1940,AR,Franklin D. Roosevelt,democrat,78.44,0.4,21.02
1940,AZ,Franklin D. Roosevelt,democrat,63.5,0.5,36
1940,CA,Franklin D. Roosevelt,democrat,57.44,NA,41.34
1940,CO,Wendell L. Willkie,republican,48.37,NA,50.92
1940,CT,Franklin D. Roosevelt,democrat,53.44,NA,46.3
1940,DE,Franklin D. Roosevelt,democrat,54.7,NA,45.05
1940,FL,Franklin D. Roosevelt,democrat,73.99,0.03,25.98
1940,GA,Franklin D. Roosevelt,democrat,84.85,NA,14.83
1940,IA,Wendell L. Willkie,republican,47.62,NA,52.03
1940,ID,Franklin D. Roosevelt,democrat,54.36,NA,45.31
1940,IL,Franklin D. Roosevelt,democrat,50.97,NA,48.54
1940,IN,Wendell L. Willkie,republican,49.03,NA,50.45
1940,KS,Wendell L. Willkie,republican,42.4,NA,56.86
1940,KY,Franklin D. Roosevelt,democrat,57.44,NA,42.3
1940,LA,Franklin D. Roosevelt,democrat,85.88,NA,14.09
1940,MA,Franklin D. Roosevelt,democrat,53.11,NA,46.36
1940,MD,Franklin D. Roosevelt,democrat,58.25,NA,40.83
1940,ME,Wendell L. Willkie,republican,48.77,NA,51.1
1940,MI,Wendell L. Willkie,republican,49.52,NA,49.85
1940,MN,Franklin D. Roosevelt,democrat,51.49,NA,47.66
1940,MO,Franklin D. Roosevelt,democrat,52.27,NA,47.5
1940,MS,Franklin D. Roosevelt,democrat,95.7,NA,4.19
1940,MT,Franklin D. Roosevelt,democrat,58.78,NA,40.17
1940,NC,Franklin D. Roosevelt,democrat,74.03,NA,25.97
1940,ND,Wendell L. Willkie,republican,44.18,NA,55.06
1940,NE,Wendell L. Willkie,republican,42.81,NA,57.19
1940,NH,Franklin D. Roosevelt,democrat,53.22,NA,46.78
1940,NJ,Franklin D. Roosevelt,democrat,51.48,NA,47.86
1940,NM,Franklin D. Roosevelt,democrat,56.59,0.08,43.28
1940,NV,Franklin D. Roosevelt,democrat,60.08,NA,39.92
1940,NY,Franklin D. Roosevelt,democrat,51.6,NA,48.04
1940,OH,Franklin D. Roosevelt,democrat,52.2,NA,47.8
1940,OK,Franklin D. Roosevelt,democrat,57.41,NA,42.23
1940,OR,Franklin D. Roosevelt,democrat,53.7,NA,45.62
1940,PA,Franklin D. Roosevelt,democrat,53.23,NA,46.33
1940,RI,Franklin D. Roosevelt,democrat,56.73,NA,43.17
1940,SC,Franklin D. Roosevelt,democrat,95.63,NA,4.37
1940,SD,Wendell L. Willkie,republican,42.59,NA,57.41
1940,TN,Franklin D. Roosevelt,democrat,67.25,NA,32.35
1940,TX,Franklin D. Roosevelt,democrat,80.92,NA,18.91
1940,UT,Franklin D. Roosevelt,democrat,62.25,0.08,37.59
1940,VA,Franklin D. Roosevelt,democrat,68.08,NA,31.55
1940,VT,Wendell L. Willkie,republican,44.92,NA,54.78
1940,WA,Franklin D. Roosevelt,democrat,58.22,NA,40.58
1940,WI,Franklin D. Roosevelt,democrat,50.15,NA,48.32
1940,WV,Franklin D. Roosevelt,democrat,57.1,NA,42.9
1940,WY,Franklin D. Roosevelt,democrat,52.82,0.15,46.89
1944,AL,Franklin D. Roosevelt,democrat,81.28,NA,18.2
1944,AR,Franklin D. Roosevelt,democrat,69.95,0.21,29.84
1944,AZ,Franklin D. Roosevelt,democrat,58.8,0.3,40.9
1944,CA,Franklin D. Roosevelt,democrat,56.48,NA,42.97
1944,CO,Thomas E. Dewey,republican,46.4,NA,53.21
1944,CT,Franklin D. Roosevelt,democrat,52.3,NA,46.94
1944,DE,Franklin D. Roosevelt,democrat,54.38,NA,45.27
1944,FL,Franklin D. Roosevelt,democrat,70.29,0.04,29.66
1944,GA,Franklin D. Roosevelt,democrat,81.74,NA,18.25
1944,IA,Thomas E. Dewey,republican,47.49,NA,51.99
1944,ID,Franklin D. Roosevelt,democrat,51.55,NA,48.07
1944,IL,Franklin D. Roosevelt,democrat,51.52,NA,48.05
1944,IN,Thomas E. Dewey,republican,46.73,NA,52.38
1944,KS,Thomas E. Dewey,republican,39.18,NA,60.25
1944,KY,Franklin D. Roosevelt,democrat,54.45,NA,45.22
1944,LA,Franklin D. Roosevelt,democrat,80.59,NA,19.39
1944,MA,Franklin D. Roosevelt,democrat,52.8,NA,46.99
1944,MD,Franklin D. Roosevelt,democrat,51.85,NA,48.15
1944,ME,Thomas E. Dewey,republican,47.45,NA,52.44
1944,MI,Franklin D. Roosevelt,democrat,50.19,NA,49.18
1944,MN,Franklin D. Roosevelt,democrat,52.41,NA,46.86
1944,MO,Franklin D. Roosevelt,democrat,51.37,NA,48.43
1944,MS,Franklin D. Roosevelt,democrat,93.56,NA,6.44
1944,MT,Franklin D. Roosevelt,democrat,54.28,NA,44.93
1944,NC,Franklin D. Roosevelt,democrat,66.71,NA,33.29
1944,ND,Thomas E. Dewey,republican,45.48,NA,53.84
1944,NE,Thomas E. Dewey,republican,41.42,NA,58.58
1944,NH,Franklin D. Roosevelt,democrat,52.11,NA,47.87
1944,NJ,Franklin D. Roosevelt,democrat,50.31,NA,48.95
1944,NM,Franklin D. Roosevelt,democrat,53.47,0.1,46.44
1944,NV,Franklin D. Roosevelt,democrat,54.62,NA,45.38
1944,NY,Franklin D. Roosevelt,democrat,52.31,NA,47.3
1944,OH,Thomas E. Dewey,republican,49.82,NA,50.18
1944,OK,Franklin D. Roosevelt,democrat,55.57,NA,44.2
1944,OR,Franklin D. Roosevelt,democrat,51.78,NA,46.94
1944,PA,Franklin D. Roosevelt,democrat,51.14,NA,48.36
1944,RI,Franklin D. Roosevelt,democrat,58.59,NA,41.26
1944,SC,Franklin D. Roosevelt,democrat,87.64,NA,4.46
1944,SD,Thomas E. Dewey,republican,41.67,NA,58.33
1944,TN,Franklin D. Roosevelt,democrat,60.45,NA,39.22
1944,TX,Franklin D. Roosevelt,democrat,71.42,NA,16.64
1944,UT,Franklin D. Roosevelt,democrat,60.44,0.14,39.42
1944,VA,Franklin D. Roosevelt,democrat,62.36,NA,37.39
1944,VT,Thomas E. Dewey,republican,42.93,NA,57.06
1944,WA,Franklin D. Roosevelt,democrat,56.84,NA,42.24
1944,WI,Thomas E. Dewey,republican,48.57,NA,50.37
1944,WV,Franklin D. Roosevelt,democrat,54.89,NA,45.11
1944,WY,Thomas E. Dewey,republican,48.77,NA,51.23
1948,AL,Strom Thurmond,other,NA,79.75,19.04
1948,AR,Harry S. Truman,democrat,61.72,16.52,21.02
1948,AZ,Harry S. Truman,democrat,53.8,1.9,43.8
1948,CA,Harry S. Truman,democrat,47.57,NA,47.13
1948,CO,Harry S. Truman,democrat,51.88,NA,46.52
1948,CT,Thomas E. Dewey,republican,47.91,NA,49.55
1948,DE,Thomas E. Dewey,republican,48.76,NA,50.04
1948,FL,Harry S. Truman,democrat,48.82,15.54,33.63
1948,GA,Harry S. Truman,democrat,60.81,20.31,18.31
1948,IA,Harry S. Truman,democrat,50.31,NA,47.58
1948,ID,Harry S. Truman,democrat,49.98,NA,47.26
1948,IL,Harry S. Truman,democrat,50.07,NA,49.22
1948,IN,Thomas E. Dewey,republican,48.78,NA,49.58
1948,KS,Thomas E. Dewey,republican,44.61,NA,53.63
1948,KY,Harry S. Truman,democrat,56.74,1.27,41.48
1948,LA,Strom Thurmond,other,32.75,49.07,17.45
1948,MA,Harry S. Truman,democrat,54.66,NA,43.16
1948,MD,Thomas E. Dewey,republican,48.01,0.41,49.4
1948,ME,Thomas E. Dewey,republican,42.27,NA,56.74
1948,MI,Thomas E. Dewey,republican,47.57,NA,49.23
1948,MN,Harry S. Truman,democrat,57.16,NA,39.89
1948,MO,Harry S. Truman,democrat,58.11,0.003,41.49
1948,MS,Strom Thurmond,other,10.09,87.17,2.62
1948,MT,Harry S. Truman,democrat,53.09,NA,43.15
1948,NC,Harry S. Truman,democrat,58.02,8.8,32.68
1948,ND,Thomas E. Dewey,republican,43.41,0.17,52.17
1948,NE,Thomas E. Dewey,republican,45.85,NA,54.15
1948,NH,Thomas E. Dewey,republican,46.66,NA,52.41
1948,NJ,Thomas E. Dewey,republican,45.93,NA,50.33
1948,NM,Harry S. Truman,democrat,56.38,0.55,42.93
1948,NV,Harry S. Truman,democrat,50.37,NA,47.26
1948,NY,Thomas E. Dewey,republican,45.01,NA,45.99
1948,OH,Harry S. Truman,democrat,49.48,NA,49.24
1948,OK,Harry S. Truman,democrat,62.75,NA,37.25
1948,OR,Thomas E. Dewey,republican,46.4,NA,49.78
1948,PA,Thomas E. Dewey,republican,46.92,NA,50.93
1948,RI,Harry S. Truman,democrat,57.59,NA,41.44
1948,SC,Strom Thurmond,other,24.14,71.97,3.78
1948,SD,Thomas E. Dewey,republican,47.04,NA,51.84
1948,TN,Harry S. Truman,democrat,49.14,13.41,36.87
1948,TX,Harry S. Truman,democrat,65.96,9.11,24.29
1948,UT,Harry S. Truman,democrat,53.98,0.97,45.02
1948,VA,Harry S. Truman,democrat,47.89,10.35,41.04
1948,VT,Thomas E. Dewey,republican,36.92,NA,61.54
1948,WA,Harry S. Truman,democrat,52.61,NA,42.68
1948,WI,Harry S. Truman,democrat,50.7,NA,46.28
1948,WV,Harry S. Truman,democrat,57.32,NA,42.24
1948,WY,Harry S. Truman,democrat,51.62,0.92,47.27
1952,AL,Adlai E. Stevenson,democrat,64.55,NA,35.02
1952,AR,Adlai E. Stevenson,democrat,55.9,0.22,43.76
1952,AZ,Dwight D. Eisenhower,republican,41.7,NA,58.3
1952,CA,Dwight D. Eisenhower,republican,42.27,NA,56.83
1952,CO,Dwight D. Eisenhower,republican,38.96,NA,60.27
1952,CT,Dwight D. Eisenhower,republican,43.91,NA,55.7
1952,DE,Dwight D. Eisenhower,republican,47.88,NA,51.75
1952,FL,Dwight D. Eisenhower,republican,44.97,0.04,54.99
1952,GA,Adlai E. Stevenson,democrat,69.66,NA,30.34
1952,IA,Dwight D. Eisenhower,republican,35.59,NA,63.75
1952,ID,Dwight D. Eisenhower,republican,34.42,NA,65.42
1952,IL,Dwight D. Eisenhower,republican,44.94,NA,54.84
1952,IN,Dwight D. Eisenhower,republican,40.99,NA,58.11
1952,KS,Dwight D. Eisenhower,republican,30.5,NA,68.77
1952,KY,Adlai E. Stevenson,democrat,49.91,NA,49.84
1952,LA,Adlai E. Stevenson,democrat,52.92,NA,47.08
1952,MA,Dwight D. Eisenhower,republican,45.46,NA,54.22
1952,MD,Dwight D. Eisenhower,republican,43.83,NA,55.36
1952,ME,Dwight D. Eisenhower,republican,33.77,NA,66.05
1952,MI,Dwight D. Eisenhower,republican,43.97,NA,55.44
1952,MN,Dwight D. Eisenhower,republican,44.11,NA,55.33
1952,MO,Dwight D. Eisenhower,republican,49.14,NA,50.71
1952,MS,Adlai E. Stevenson,democrat,60.44,NA,39.56
1952,MT,Dwight D. Eisenhower,republican,40.07,NA,59.39
1952,NC,Adlai E. Stevenson,democrat,53.91,NA,46.09
1952,ND,Dwight D. Eisenhower,republican,28.39,NA,70.97
1952,NE,Dwight D. Eisenhower,republican,30.85,NA,69.15
1952,NH,Dwight D. Eisenhower,republican,39.08,NA,60.92
1952,NJ,Dwight D. Eisenhower,republican,41.99,NA,56.81
1952,NM,Dwight D. Eisenhower,republican,44.28,0.12,55.39
1952,NV,Dwight D. Eisenhower,republican,38.55,NA,61.45
1952,NY,Dwight D. Eisenhower,republican,43.55,NA,55.45
1952,OH,Dwight D. Eisenhower,republican,43.24,NA,56.76
1952,OK,Dwight D. Eisenhower,republican,45.41,NA,54.59
1952,OR,Dwight D. Eisenhower,republican,38.93,NA,60.54
1952,PA,Dwight D. Eisenhower,republican,46.85,NA,52.74
1952,RI,Dwight D. Eisenhower,republican,49.05,NA,50.89
1952,SC,Adlai E. Stevenson,democrat,50.72,NA,49.28
1952,SD,Dwight D. Eisenhower,republican,30.73,NA,69.27
1952,TN,Dwight D. Eisenhower,republican,49.71,NA,49.99
1952,TX,Dwight D. Eisenhower,republican,46.69,NA,53.13
1952,UT,Dwight D. Eisenhower,republican,41.07,NA,58.93
1952,VA,Dwight D. Eisenhower,republican,43.36,NA,56.32
1952,VT,Dwight D. Eisenhower,republican,28.23,NA,71.45
1952,WA,Dwight D. Eisenhower,republican,44.69,NA,54.33
1952,WI,Dwight D. Eisenhower,republican,38.71,NA,60.95
1952,WV,Adlai E. Stevenson,democrat,51.92,NA,48.08
1952,WY,Dwight D. Eisenhower,republican,37.09,0.15,62.71
1956,AL,Adlai E. Stevenson,democrat,56.52,4.09,39.39
1956,AR,Adlai E. Stevenson,democrat,52.46,1.72,45.82
1956,AZ,Dwight D. Eisenhower,republican,38.9,0.1,61
1956,CA,Dwight D. Eisenhower,republican,44.27,NA,55.39
1956,CO,Dwight D. Eisenhower,republican,39.81,0.11,59.49
1956,CT,Dwight D. Eisenhower,republican,36.26,NA,63.72
1956,DE,Dwight D. Eisenhower,republican,44.62,NA,55.09
1956,FL,Dwight D. Eisenhower,republican,42.67,0.14,57.19
1956,GA,Adlai E. Stevenson,democrat,66.48,NA,32.65
1956,IA,Dwight D. Eisenhower,republican,40.65,0.26,59.06
1956,ID,Dwight D. Eisenhower,republican,38.78,NA,61.17
1956,IL,Dwight D. Eisenhower,republican,40.29,NA,59.52
1956,IN,Dwight D. Eisenhower,republican,39.7,NA,59.9
1956,KS,Dwight D. Eisenhower,republican,34.21,NA,65.44
1956,KY,Dwight D. Eisenhower,republican,45.21,NA,54.3
1956,LA,Dwight D. Eisenhower,republican,39.51,7.21,53.28
1956,MA,Dwight D. Eisenhower,republican,40.37,NA,59.32
1956,MD,Dwight D. Eisenhower,republican,39.96,NA,60.04
1956,ME,Dwight D. Eisenhower,republican,29.13,NA,70.87
1956,MI,Dwight D. Eisenhower,republican,44.15,NA,55.63
1956,MN,Dwight D. Eisenhower,republican,46.08,NA,53.68
1956,MO,Adlai E. Stevenson,democrat,50.11,NA,49.89
1956,MS,Adlai E. Stevenson,democrat,58.23,17.31,24.46
1956,MT,Dwight D. Eisenhower,republican,42.87,NA,57.13
1956,NC,Adlai E. Stevenson,democrat,50.66,NA,49.34
1956,ND,Dwight D. Eisenhower,republican,38.09,0.19,61.72
1956,NE,Dwight D. Eisenhower,republican,34.49,NA,65.51
1956,NH,Dwight D. Eisenhower,republican,33.84,0.04,66.11
1956,NJ,Dwight D. Eisenhower,republican,34.23,0.21,64.68
1956,NM,Dwight D. Eisenhower,republican,41.78,0.14,57.81
1956,NV,Dwight D. Eisenhower,republican,42.03,NA,57.97
1956,NY,Dwight D. Eisenhower,republican,38.78,NA,61.19
1956,OH,Dwight D. Eisenhower,republican,38.89,NA,61.11
1956,OK,Dwight D. Eisenhower,republican,44.87,NA,55.13
1956,OR,Dwight D. Eisenhower,republican,44.75,NA,55.25
1956,PA,Dwight D. Eisenhower,republican,43.3,NA,56.49
1956,RI,Dwight D. Eisenhower,republican,41.74,NA,58.26
1956,SC,Adlai E. Stevenson,democrat,45.37,29.45,25.18
1956,SD,Dwight D. Eisenhower,republican,41.61,NA,58.39
1956,TN,Dwight D. Eisenhower,republican,48.6,2.11,49.21
1956,TX,Dwight D. Eisenhower,republican,43.98,0.75,55.26
1956,UT,Dwight D. Eisenhower,republican,35.44,NA,64.56
1956,VA,Dwight D. Eisenhower,republican,38.36,6.16,55.37
1956,VT,Dwight D. Eisenhower,republican,27.81,NA,72.16
1956,WA,Dwight D. Eisenhower,republican,45.44,NA,53.91
1956,WI,Dwight D. Eisenhower,republican,37.84,0.45,61.58
1956,WV,Dwight D. Eisenhower,republican,45.92,NA,54.08
1956,WY,Dwight D. Eisenhower,republican,39.92,NA,60.08
1960,AK,Richard M. Nixon,republican,49.06,NA,50.94
1960,AL,Harry S. Truman,other,56.41,57.43,42.18
1960,AR,John F. Kennedy,democrat,50.19,6.76,43.06
1960,AZ,Richard M. Nixon,republican,44.4,0.1,55.5
1960,CA,Richard M. Nixon,republican,49.55,NA,50.1
1960,CO,Richard M. Nixon,republican,44.91,NA,54.63
1960,CT,John F. Kennedy,democrat,53.73,NA,46.27
1960,DE,John F. Kennedy,democrat,50.63,NA,49
1960,FL,Richard M. Nixon,republican,48.49,NA,51.51
1960,GA,John F. Kennedy,democrat,62.54,NA,37.43
1960,HI,John F. Kennedy,democrat,50.03,NA,49.97
1960,IA,Richard M. Nixon,republican,43.22,NA,56.71
1960,ID,Richard M. Nixon,republican,46.22,NA,53.78
1960,IL,John F. Kennedy,democrat,49.98,NA,49.8
1960,IN,Richard M. Nixon,republican,44.6,NA,55.03
1960,KS,Richard M. Nixon,republican,39.1,NA,60.45
1960,KY,Richard M. Nixon,republican,46.41,NA,53.59
1960,LA,John F. Kennedy,democrat,50.42,20.99,28.59
1960,MA,John F. Kennedy,democrat,60.22,NA,39.55
1960,MD,John F. Kennedy,democrat,53.61,NA,46.39
1960,ME,Richard M. Nixon,republican,42.95,NA,57.05
1960,MI,John F. Kennedy,democrat,50.85,NA,48.84
1960,MN,John F. Kennedy,democrat,50.58,NA,49.16
1960,MO,John F. Kennedy,democrat,50.26,NA,49.74
1960,MS,Harry S. Truman,other,36.34,38.99,24.67
1960,MT,Richard M. Nixon,republican,48.6,NA,51.1
1960,NC,John F. Kennedy,democrat,52.11,NA,47.89
1960,ND,Richard M. Nixon,republican,44.52,NA,55.42
1960,NE,Richard M. Nixon,republican,37.93,NA,62.07
1960,NH,Richard M. Nixon,republican,46.58,NA,53.42
1960,NJ,John F. Kennedy,democrat,49.96,NA,49.16
1960,NM,John F. Kennedy,democrat,50.15,0.18,49.41
1960,NV,John F. Kennedy,democrat,51.16,NA,48.84
1960,NY,John F. Kennedy,democrat,52.53,NA,47.27
1960,OH,Richard M. Nixon,republican,46.72,NA,53.28
1960,OK,Richard M. Nixon,republican,40.98,NA,59.02
1960,OR,Richard M. Nixon,republican,47.32,NA,52.56
1960,PA,John F. Kennedy,democrat,51.06,NA,48.74
1960,RI,John F. Kennedy,democrat,63.63,NA,36.37
1960,SC,John F. Kennedy,democrat,51.24,NA,48.76
1960,SD,Richard M. Nixon,republican,41.79,NA,58.21
1960,TN,Richard M. Nixon,republican,45.77,NA,52.92
1960,TX,John F. Kennedy,democrat,50.52,NA,48.52
1960,UT,Richard M. Nixon,republican,45.17,0.03,54.81
1960,VA,Richard M. Nixon,republican,46.97,NA,52.44
1960,VT,Richard M. Nixon,republican,41.35,NA,58.65
1960,WA,Richard M. Nixon,republican,48.27,NA,50.68
1960,WI,Richard M. Nixon,republican,48.05,NA,51.77
1960,WV,John F. Kennedy,democrat,52.73,NA,47.27
1960,WY,Richard M. Nixon,republican,44.99,NA,55.01
1964,AK,Lyndon B. Johnson,democrat,65.91,NA,34.09
1964,AL,Barry M. Goldwater,republican,NA,30.55,69.45
1964,AR,Lyndon B. Johnson,democrat,56.06,0.53,43.41
1964,AZ,Barry M. Goldwater,republican,49.5,0.1,50.4
1964,CA,Lyndon B. Johnson,democrat,59.11,NA,40.79
1964,CO,Lyndon B. Johnson,democrat,61.27,NA,38.19
1964,CT,Lyndon B. Johnson,democrat,67.81,NA,32.09
1964,DC,Lyndon B. Johnson,democrat,85.5,NA,14.5
1964,DE,Lyndon B. Johnson,democrat,60.95,NA,38.78
1964,FL,Lyndon B. Johnson,democrat,51.14,NA,48.84
1964,GA,Barry M. Goldwater,republican,45.87,NA,54.12
1964,HI,Lyndon B. Johnson,democrat,78.76,NA,21.24
1964,IA,Lyndon B. Johnson,democrat,61.88,NA,37.92
1964,ID,Lyndon B. Johnson,democrat,50.92,NA,49.08
1964,IL,Lyndon B. Johnson,democrat,59.47,NA,40.53
1964,IN,Lyndon B. Johnson,democrat,55.98,NA,43.56
1964,KS,Lyndon B. Johnson,democrat,54.09,NA,45.06
1964,KY,Lyndon B. Johnson,democrat,64.01,NA,35.65
1964,LA,Barry M. Goldwater,republican,43.19,NA,56.81
1964,MA,Lyndon B. Johnson,democrat,76.19,NA,23.44
1964,MD,Lyndon B. Johnson,democrat,65.47,NA,34.53
1964,ME,Lyndon B. Johnson,democrat,68.84,NA,31.16
1964,MI,Lyndon B. Johnson,democrat,66.7,NA,33.1
1964,MN,Lyndon B. Johnson,democrat,63.76,NA,36
1964,MO,Lyndon B. Johnson,democrat,64.05,NA,35.95
1964,MS,Barry M. Goldwater,republican,12.86,NA,87.14
1964,MT,Lyndon B. Johnson,democrat,58.95,NA,40.57
1964,NC,Lyndon B. Johnson,democrat,56.15,NA,43.85
1964,ND,Lyndon B. Johnson,democrat,57.97,NA,41.88
1964,NE,Lyndon B. Johnson,democrat,52.61,NA,47.39
1964,NH,Lyndon B. Johnson,democrat,63.89,NA,36.11
1964,NJ,Lyndon B. Johnson,democrat,65.61,NA,33.86
1964,NM,Lyndon B. Johnson,democrat,59.03,0.37,40.12
1964,NV,Lyndon B. Johnson,democrat,58.58,NA,41.42
1964,NY,Lyndon B. Johnson,democrat,68.56,NA,31.31
1964,OH,Lyndon B. Johnson,democrat,62.94,NA,37.06
1964,OK,Lyndon B. Johnson,democrat,55.75,NA,44.25
1964,OR,Lyndon B. Johnson,democrat,63.72,NA,35.96
1964,PA,Lyndon B. Johnson,democrat,64.92,NA,34.7
1964,RI,Lyndon B. Johnson,democrat,80.87,NA,19.13
1964,SC,Barry M. Goldwater,republican,41.1,NA,58.89
1964,SD,Lyndon B. Johnson,democrat,55.61,NA,44.39
1964,TN,Lyndon B. Johnson,democrat,55.5,NA,44.49
1964,TX,Lyndon B. Johnson,democrat,63.32,NA,36.49
1964,UT,Lyndon B. Johnson,democrat,54.71,NA,45.01
1964,VA,Lyndon B. Johnson,democrat,53.54,NA,46.18
1964,VT,Lyndon B. Johnson,democrat,66.3,NA,33.69
1964,WA,Lyndon B. Johnson,democrat,61.97,NA,37.37
1964,WI,Lyndon B. Johnson,democrat,62.09,NA,37.74
1964,WV,Lyndon B. Johnson,democrat,67.94,NA,32.06
1964,WY,Lyndon B. Johnson,democrat,56.56,NA,43.44
1968,AK,Richard M. Nixon,republican,42.65,12.07,45.28
1968,AL,George C. Wallace,other,18.72,65.86,13.99
1968,AR,George C. Wallace,other,30.36,38.87,30.77
1968,AZ,Richard M. Nixon,republican,35,9.6,54.8
1968,CA,Richard M. Nixon,republican,44.74,NA,47.82
1968,CO,Richard M. Nixon,republican,41.32,7.5,50.46
1968,CT,Hubert H. Humphrey,democrat,49.48,6.1,44.32
1968,DC,Hubert H. Humphrey,democrat,81.82,NA,18.18
1968,DE,Richard M. Nixon,republican,41.61,13.28,45.12
1968,FL,Richard M. Nixon,republican,30.93,28.53,40.53
1968,GA,George C. Wallace,other,26.75,42.83,30.4
1968,HI,Hubert H. Humphrey,democrat,59.83,1.47,38.7
1968,IA,Richard M. Nixon,republican,40.82,5.69,53.01
1968,ID,Richard M. Nixon,republican,30.66,12.55,56.79
1968,IL,Richard M. Nixon,republican,44.15,8.46,47.08
1968,IN,Richard M. Nixon,republican,37.99,11.45,50.29
1968,KS,Richard M. Nixon,republican,34.72,10.19,54.84
1968,KY,Richard M. Nixon,republican,37.65,18.29,43.79
1968,LA,George C. Wallace,other,28.21,48.32,23.47
1968,MA,Hubert H. Humphrey,democrat,63.01,3.73,32.89
1968,MD,Hubert H. Humphrey,democrat,43.59,14.47,41.94
1968,ME,Hubert H. Humphrey,democrat,55.3,1.62,43.07
1968,MI,Hubert H. Humphrey,democrat,48.18,10.04,41.46
1968,MN,Hubert H. Humphrey,democrat,54,4.34,41.46
1968,MO,Richard M. Nixon,republican,43.74,11.39,44.87
1968,MS,George C. Wallace,other,23.02,63.46,13.52
1968,MT,Richard M. Nixon,republican,41.59,7.29,50.6
1968,NC,Richard M. Nixon,republican,29.24,31.26,39.51
1968,ND,Richard M. Nixon,republican,38.23,5.75,55.94
1968,NE,Richard M. Nixon,republican,31.81,8.36,59.82
1968,NH,Richard M. Nixon,republican,43.93,3.76,52.1
1968,NJ,Richard M. Nixon,republican,43.97,9.12,46.1
1968,NM,Richard M. Nixon,republican,39.74,7.86,51.84
1968,NV,Richard M. Nixon,republican,39.29,13.25,47.46
1968,NY,Hubert H. Humphrey,democrat,49.76,5.29,44.3
1968,OH,Richard M. Nixon,republican,42.95,11.81,45.23
1968,OK,Richard M. Nixon,republican,31.99,20.33,47.68
1968,OR,Richard M. Nixon,republican,43.78,6.06,49.83
1968,PA,Hubert H. Humphrey,democrat,47.59,7.97,44.02
1968,RI,Hubert H. Humphrey,democrat,64.03,4.07,31.78
1968,SC,Richard M. Nixon,republican,29.61,32.3,38.09
1968,SD,Richard M. Nixon,republican,41.96,4.76,53.27
1968,TN,Richard M. Nixon,republican,28.13,34.02,37.85
1968,TX,Hubert H. Humphrey,democrat,41.14,18.97,39.87
1968,UT,Richard M. Nixon,republican,37.07,6.37,56.49
1968,VA,Richard M. Nixon,republican,32.49,23.64,43.36
1968,VT,Richard M. Nixon,republican,43.53,3.16,52.75
1968,WA,Hubert H. Humphrey,democrat,47.23,7.44,45.12
1968,WI,Richard M. Nixon,republican,44.27,7.56,47.89
1968,WV,Hubert H. Humphrey,democrat,49.6,9.62,40.78
1968,WY,Richard M. Nixon,republican,35.51,8.73,55.76
1972,AK,Richard M. Nixon,republican,34.62,7.25,58.13
1972,AL,Richard M. Nixon,republican,25.54,NA,72.43
1972,AR,Richard M. Nixon,republican,30.54,0.44,68.87
1972,AZ,Richard M. Nixon,republican,31.9,3.4,64.7
1972,CA,Richard M. Nixon,republican,41.54,NA,55
1972,CO,Richard M. Nixon,republican,34.59,NA,62.61
1972,CT,Richard M. Nixon,republican,40.13,NA,58.57
1972,DC,George S. McGovern,democrat,78.1,0.19,21.56
1972,DE,Richard M. Nixon,republican,39.18,NA,59.6
1972,FL,Richard M. Nixon,republican,27.8,0.29,71.91
1972,GA,Richard M. Nixon,republican,24.65,NA,75.04
1972,HI,Richard M. Nixon,republican,37.52,NA,62.48
1972,IA,Richard M. Nixon,republican,40.48,NA,57.61
1972,ID,Richard M. Nixon,republican,26.04,NA,64.24
1972,IL,Richard M. Nixon,republican,40.51,NA,59.03
1972,IN,Richard M. Nixon,republican,33.34,NA,66.11
1972,KS,Richard M. Nixon,republican,29.5,NA,67.66
1972,KY,Richard M. Nixon,republican,34.77,NA,63.37
1972,LA,Richard M. Nixon,republican,28.35,NA,65.32
1972,MA,George S. McGovern,democrat,54.2,NA,45.23
1972,MD,Richard M. Nixon,republican,37.36,NA,61.26
1972,ME,Richard M. Nixon,republican,38.48,NA,61.46
1972,MI,Richard M. Nixon,republican,41.81,NA,56.2
1972,MN,Richard M. Nixon,republican,46.07,NA,51.58
1972,MO,Richard M. Nixon,republican,37.71,NA,62.29
1972,MS,Richard M. Nixon,republican,19.63,NA,78.2
1972,MT,Richard M. Nixon,republican,37.85,NA,57.93
1972,NC,Richard M. Nixon,republican,28.89,NA,69.46
1972,ND,Richard M. Nixon,republican,35.79,NA,62.07
1972,NE,Richard M. Nixon,republican,29.5,NA,70.5
1972,NH,Richard M. Nixon,republican,34.86,NA,63.98
1972,NJ,Richard M. Nixon,republican,36.77,NA,61.57
1972,NM,Richard M. Nixon,republican,36.53,2.27,61
1972,NV,Richard M. Nixon,republican,36.32,NA,63.68
1972,NY,Richard M. Nixon,republican,41.21,NA,58.54
1972,OH,Richard M. Nixon,republican,38.07,NA,59.63
1972,OK,Richard M. Nixon,republican,24,NA,73.7
1972,OR,Richard M. Nixon,republican,42.33,NA,52.45
1972,PA,Richard M. Nixon,republican,39.13,NA,59.11
1972,RI,Richard M. Nixon,republican,46.81,NA,53
1972,SC,Richard M. Nixon,republican,27.92,NA,70.58
1972,SD,Richard M. Nixon,republican,45.52,NA,54.15
1972,TN,Richard M. Nixon,republican,29.75,NA,67.7
1972,TX,Richard M. Nixon,republican,33.24,NA,66.2
1972,UT,Richard M. Nixon,republican,26.39,5.97,67.64
1972,VA,Richard M. Nixon,republican,30.12,NA,67.84
1972,VT,Richard M. Nixon,republican,36.47,NA,62.66
1972,WA,Richard M. Nixon,republican,38.64,NA,56.92
1972,WI,Richard M. Nixon,republican,43.72,NA,53.4
1972,WV,Richard M. Nixon,republican,36.39,NA,63.61
1972,WY,Richard M. Nixon,republican,30.47,0.51,69.01
1976,AK,Gerald R. Ford,republican,35.65,5.49,57.9
1976,AL,Jimmy Carter,democrat,55.73,NA,42.61
1976,AR,Jimmy Carter,democrat,65.09,0.08,35.02
1976,AZ,Gerald R. Ford,republican,39.8,2.6,56.4
1976,CA,Gerald R. Ford,republican,47.57,NA,49.35
1976,CO,Gerald R. Ford,republican,42.58,NA,54.05
1976,CT,Gerald R. Ford,republican,46.9,NA,52.06
1976,DC,Jimmy Carter,democrat,81.63,0.32,16.51
1976,DE,Jimmy Carter,democrat,51.98,NA,46.57
1976,FL,Jimmy Carter,democrat,51.93,0.75,46.64
1976,GA,Jimmy Carter,democrat,66.74,NA,32.96
1976,HI,Jimmy Carter,democrat,50.59,1.35,48.06
1976,IA,Gerald R. Ford,republican,48.46,NA,49.47
1976,ID,Gerald R. Ford,republican,37.12,NA,59.88
1976,IL,Gerald R. Ford,republican,48.13,NA,50.1
1976,IN,Gerald R. Ford,republican,45.7,NA,53.32
1976,KS,Gerald R. Ford,republican,44.94,NA,52.49
1976,KY,Jimmy Carter,democrat,52.75,NA,45.57
1976,LA,Jimmy Carter,democrat,51.73,NA,45.95
1976,MA,Jimmy Carter,democrat,56.11,NA,40.44
1976,MD,Jimmy Carter,democrat,53.04,NA,46.96
1976,ME,Gerald R. Ford,republican,48.07,NA,48.91
1976,MI,Gerald R. Ford,republican,46.44,NA,51.83
1976,MN,Jimmy Carter,democrat,54.9,NA,42.02
1976,MO,Jimmy Carter,democrat,51.1,NA,47.47
1976,MS,Jimmy Carter,democrat,49.56,NA,47.68
1976,MT,Gerald R. Ford,republican,45.4,NA,52.84
1976,NC,Jimmy Carter,democrat,55.27,NA,44.22
1976,ND,Gerald R. Ford,republican,45.8,NA,51.66
1976,NE,Gerald R. Ford,republican,38.46,NA,59.19
1976,NH,Gerald R. Ford,republican,43.47,NA,54.75
1976,NJ,Gerald R. Ford,republican,47.92,NA,50.08
1976,NM,Gerald R. Ford,republican,48.07,0.59,50.53
1976,NV,Gerald R. Ford,republican,45.81,NA,50.17
1976,NY,Jimmy Carter,democrat,51.95,NA,47.52
1976,OH,Jimmy Carter,democrat,48.92,NA,48.65
1976,OK,Gerald R. Ford,republican,48.75,NA,49.96
1976,OR,Gerald R. Ford,republican,47.62,NA,47.78
1976,PA,Jimmy Carter,democrat,50.4,NA,47.73
1976,RI,Jimmy Carter,democrat,55.36,NA,44.08
1976,SC,Jimmy Carter,democrat,56.17,NA,43.13
1976,SD,Gerald R. Ford,republican,48.91,NA,50.39
1976,TN,Jimmy Carter,democrat,55.94,NA,42.94
1976,TX,Jimmy Carter,democrat,51.14,NA,47.97
1976,UT,Gerald R. Ford,republican,33.65,2.45,62.44
1976,VA,Gerald R. Ford,republican,47.96,NA,49.29
1976,VT,Gerald R. Ford,republican,43.14,NA,54.34
1976,WA,Gerald R. Ford,republican,46.11,NA,50
1976,WI,Jimmy Carter,democrat,49.5,NA,47.83
1976,WV,Jimmy Carter,democrat,58.07,NA,41.93
1976,WY,Gerald R. Ford,republican,39.81,0.4,59.3
1980,AK,Ronald W. Reagan,republican,26.41,11.66,54.35
1980,AL,Ronald W. Reagan,republican,47.45,1.23,48.75
1980,AR,Ronald W. Reagan,republican,47.52,2.68,48.13
1980,AZ,Ronald W. Reagan,republican,28.2,8.8,60.6
1980,CA,Ronald W. Reagan,republican,35.91,NA,52.69
1980,CO,Ronald W. Reagan,republican,31.07,11.03,55.07
1980,CT,Ronald W. Reagan,republican,38.52,12.22,48.16
1980,DC,Jimmy Carter,democrat,74.32,9.21,13.3
1980,DE,Ronald W. Reagan,republican,44.87,6.91,47.21
1980,FL,Ronald W. Reagan,republican,38.5,5.14,55.52
1980,GA,Jimmy Carter,democrat,55.76,2.26,40.95
1980,HI,Jimmy Carter,democrat,44.8,10.56,42.9
1980,IA,Ronald W. Reagan,republican,38.6,8.78,51.31
1980,ID,Ronald W. Reagan,republican,25.19,6.19,66.46
1980,IL,Ronald W. Reagan,republican,41.72,7.3,49.65
1980,IN,Ronald W. Reagan,republican,37.65,4.98,56.01
1980,KS,Ronald W. Reagan,republican,33.29,6.96,57.85
1980,KY,Ronald W. Reagan,republican,47.61,2.4,49.07
1980,LA,Ronald W. Reagan,republican,45.75,NA,51.2
1980,MA,Ronald W. Reagan,republican,41.75,15.15,41.9
1980,MD,Jimmy Carter,democrat,47.14,7.76,44.18
1980,ME,Ronald W. Reagan,republican,42.25,10.2,45.61
1980,MI,Ronald W. Reagan,republican,42.5,7.04,48.99
1980,MN,Jimmy Carter,democrat,46.5,8.53,42.56
1980,MO,Ronald W. Reagan,republican,44.35,3.71,51.16
1980,MS,Ronald W. Reagan,republican,48.09,1.35,49.42
1980,MT,Ronald W. Reagan,republican,32.43,8.05,56.82
1980,NC,Ronald W. Reagan,republican,47.18,2.85,49.3
1980,ND,Ronald W. Reagan,republican,26.26,7.84,64.23
1980,NE,Ronald W. Reagan,republican,26.04,7.02,65.53
1980,NH,Ronald W. Reagan,republican,28.35,12.94,57.74
1980,NJ,Ronald W. Reagan,republican,38.56,7.88,51.97
1980,NM,Ronald W. Reagan,republican,36.73,6.45,54.88
1980,NV,Ronald W. Reagan,republican,26.89,7.12,62.54
1980,NY,Ronald W. Reagan,republican,43.99,7.54,46.66
1980,OH,Ronald W. Reagan,republican,40.91,5.94,51.51
1980,OK,Ronald W. Reagan,republican,34.97,3.33,60.5
1980,OR,Ronald W. Reagan,republican,38.67,9.51,48.33
1980,PA,Ronald W. Reagan,republican,42.48,6.42,49.59
1980,RI,Jimmy Carter,democrat,47.67,14.38,37.2
1980,SC,Ronald W. Reagan,republican,48.04,1.59,49.57
1980,SD,Ronald W. Reagan,republican,31.69,6.54,60.53
1980,TN,Ronald W. Reagan,republican,48.41,2.22,48.7
1980,TX,Ronald W. Reagan,republican,41.42,2.46,55.28
1980,UT,Ronald W. Reagan,republican,20.57,5.01,72.77
1980,VA,Ronald W. Reagan,republican,40.31,5.11,53.03
1980,VT,Ronald W. Reagan,republican,38.41,14.9,44.37
1980,WA,Ronald W. Reagan,republican,37.32,10.62,49.66
1980,WI,Ronald W. Reagan,republican,43.18,7.07,47.9
1980,WV,Jimmy Carter,democrat,49.81,4.3,45.3
1980,WY,Ronald W. Reagan,republican,27.97,6.83,62.64
1984,AK,Ronald W. Reagan,republican,29.87,3.07,66.65
1984,AL,Ronald W. Reagan,republican,38.28,NA,60.54
1984,AR,Ronald W. Reagan,republican,38.29,0.25,60.47
1984,AZ,Ronald W. Reagan,republican,32.5,1,66.4
1984,CA,Ronald W. Reagan,republican,41.27,NA,57.51
1984,CO,Ronald W. Reagan,republican,35.12,NA,63.44
1984,CT,Ronald W. Reagan,republican,38.83,NA,60.73
1984,DC,Walter F. Mondale,democrat,85.38,0.13,13.73
1984,DE,Ronald W. Reagan,republican,39.93,NA,59.78
1984,FL,Ronald W. Reagan,republican,34.66,0.02,65.32
1984,GA,Ronald W. Reagan,republican,39.79,NA,60.17
1984,HI,Ronald W. Reagan,republican,43.82,0.65,55.1
1984,IA,Ronald W. Reagan,republican,45.89,NA,53.27
1984,ID,Ronald W. Reagan,republican,26.39,NA,72.36
1984,IL,Ronald W. Reagan,republican,43.3,NA,56.17
1984,IN,Ronald W. Reagan,republican,37.68,NA,61.67
1984,KS,Ronald W. Reagan,republican,32.6,NA,66.27
1984,KY,Ronald W. Reagan,republican,39.37,NA,60.04
1984,LA,Ronald W. Reagan,republican,38.18,NA,60.77
1984,MA,Ronald W. Reagan,republican,48.43,NA,51.22
1984,MD,Ronald W. Reagan,republican,47.02,NA,52.51
1984,ME,Ronald W. Reagan,republican,38.78,NA,60.83
1984,MI,Ronald W. Reagan,republican,40.24,NA,59.23
1984,MN,Walter F. Mondale,democrat,49.72,NA,49.54
1984,MO,Ronald W. Reagan,republican,39.98,NA,60.02
1984,MS,Ronald W. Reagan,republican,37.46,NA,61.85
1984,MT,Ronald W. Reagan,republican,38.18,NA,60.47
1984,NC,Ronald W. Reagan,republican,37.89,NA,61.9
1984,ND,Ronald W. Reagan,republican,33.8,NA,64.84
1984,NE,Ronald W. Reagan,republican,28.81,NA,70.55
1984,NH,Ronald W. Reagan,republican,30.95,NA,68.66
1984,NJ,Ronald W. Reagan,republican,39.2,NA,60.09
1984,NM,Ronald W. Reagan,republican,39.23,0.87,59.7
1984,NV,Ronald W. Reagan,republican,31.97,NA,65.85
1984,NY,Ronald W. Reagan,republican,45.83,NA,53.84
1984,OH,Ronald W. Reagan,republican,40.14,NA,58.9
1984,OK,Ronald W. Reagan,republican,30.67,NA,68.61
1984,OR,Ronald W. Reagan,republican,43.74,NA,55.91
1984,PA,Ronald W. Reagan,republican,45.99,NA,53.34
1984,RI,Ronald W. Reagan,republican,48.02,NA,51.66
1984,SC,Ronald W. Reagan,republican,35.57,NA,63.55
1984,SD,Ronald W. Reagan,republican,36.53,NA,63
1984,TN,Ronald W. Reagan,republican,41.57,NA,57.84
1984,TX,Ronald W. Reagan,republican,36.11,NA,63.61
1984,UT,Ronald W. Reagan,republican,24.68,0.39,74.5
1984,VA,Ronald W. Reagan,republican,37.09,NA,62.29
1984,VT,Ronald W. Reagan,republican,40.81,NA,57.92
1984,WA,Ronald W. Reagan,republican,42.86,NA,55.82
1984,WI,Ronald W. Reagan,republican,45.02,NA,54.19
1984,WV,Ronald W. Reagan,republican,44.6,NA,55.11
1984,WY,Ronald W. Reagan,republican,28.24,1.25,70.51
1988,AK,George H.W. Bush,republican,36.27,2.74,59.59
1988,AL,George H.W. Bush,republican,39.86,NA,59.17
1988,AR,George H.W. Bush,republican,42.19,0.62,56.37
1988,AZ,George H.W. Bush,republican,38.7,1.1,60
1988,CA,George H.W. Bush,republican,47.56,NA,51.13
1988,CO,George H.W. Bush,republican,45.28,NA,53.06
1988,CT,George H.W. Bush,republican,46.87,NA,51.98
1988,DC,Michael S. Dukakis,democrat,82.65,1.5,14.3
1988,DE,George H.W. Bush,republican,43.48,NA,55.88
1988,FL,George H.W. Bush,republican,38.51,0.46,60.87
1988,GA,George H.W. Bush,republican,39.5,NA,59.75
1988,HI,Michael S. Dukakis,democrat,54.27,0.56,44.75
1988,IA,Michael S. Dukakis,democrat,54.71,NA,44.5
1988,ID,George H.W. Bush,republican,36.01,NA,62.08
1988,IL,George H.W. Bush,republican,48.6,NA,50.69
1988,IN,George H.W. Bush,republican,39.69,NA,59.84
1988,KS,George H.W. Bush,republican,42.56,NA,55.79
1988,KY,George H.W. Bush,republican,43.88,NA,55.52
1988,LA,George H.W. Bush,republican,44.06,NA,54.27
1988,MA,Michael S. Dukakis,democrat,53.23,NA,45.38
1988,MD,George H.W. Bush,republican,48.2,NA,51.11
1988,ME,George H.W. Bush,republican,43.88,NA,55.34
1988,MI,George H.W. Bush,republican,45.67,NA,53.57
1988,MN,Michael S. Dukakis,democrat,52.91,NA,45.9
1988,MO,George H.W. Bush,republican,47.85,NA,51.83
1988,MS,George H.W. Bush,republican,39.07,NA,59.89
1988,MT,George H.W. Bush,republican,46.2,NA,52.07
1988,NC,George H.W. Bush,republican,41.71,NA,57.97
1988,ND,George H.W. Bush,republican,42.97,NA,56.03
1988,NE,George H.W. Bush,republican,39.2,NA,60.15
1988,NH,George H.W. Bush,republican,36.33,NA,62.49
1988,NJ,George H.W. Bush,republican,42.6,NA,56.24
1988,NM,George H.W. Bush,republican,46.9,0.63,51.86
1988,NV,George H.W. Bush,republican,37.92,NA,58.86
1988,NY,Michael S. Dukakis,democrat,51.62,NA,47.52
1988,OH,George H.W. Bush,republican,44.15,NA,55
1988,OK,George H.W. Bush,republican,41.28,NA,57.93
1988,OR,Michael S. Dukakis,democrat,51.28,NA,46.61
1988,PA,George H.W. Bush,republican,48.39,NA,50.7
1988,RI,Michael S. Dukakis,democrat,55.64,NA,43.93
1988,SC,George H.W. Bush,republican,37.58,NA,61.5
1988,SD,George H.W. Bush,republican,46.51,NA,52.85
1988,TN,George H.W. Bush,republican,41.55,NA,57.89
1988,TX,George H.W. Bush,republican,43.35,NA,55.95
1988,UT,George H.W. Bush,republican,32.05,1.16,66.22
1988,VA,George H.W. Bush,republican,39.23,NA,59.74
1988,VT,George H.W. Bush,republican,47.58,NA,51.1
1988,WA,Michael S. Dukakis,democrat,50.05,NA,48.46
1988,WI,Michael S. Dukakis,democrat,51.41,NA,47.8
1988,WV,Michael S. Dukakis,democrat,52.2,NA,47.46
1988,WY,George H.W. Bush,republican,38.01,1.15,60.53
1992,AK,George H.W. Bush,republican,30.29,28.43,39.46
1992,AL,George H.W. Bush,republican,40.88,10.85,47.65
1992,AR,Bill Clinton,democrat,53.21,10.43,35.48
1992,AZ,George H.W. Bush,republican,36.5,23.8,38.5
1992,CA,Bill Clinton,democrat,46.01,NA,32.61
1992,CO,Bill Clinton,democrat,40.13,23.32,35.87
1992,CT,Bill Clinton,democrat,42.21,21.58,35.78
1992,DC,Bill Clinton,democrat,84.64,4.25,9.1
1992,DE,Bill Clinton,democrat,43.52,20.45,35.78
1992,FL,George H.W. Bush,republican,39,19.82,40.89
1992,GA,Bill Clinton,democrat,43.47,13.34,42.88
1992,HI,Bill Clinton,democrat,48.09,14.22,36.7
1992,IA,Bill Clinton,democrat,43.29,18.71,37.27
1992,ID,George H.W. Bush,republican,28.42,27.05,42.03
1992,IL,Bill Clinton,democrat,48.58,16.64,34.34
1992,IN,George H.W. Bush,republican,36.79,19.77,42.91
1992,KS,George H.W. Bush,republican,33.74,26.99,38.88
1992,KY,Bill Clinton,democrat,44.55,13.66,41.34
1992,LA,Bill Clinton,democrat,45.58,11.81,40.97
1992,MA,Bill Clinton,democrat,47.54,22.8,29.03
1992,MD,Bill Clinton,democrat,49.8,14.18,35.62
1992,ME,Bill Clinton,democrat,38.77,30.44,30.39
1992,MI,Bill Clinton,democrat,43.77,19.3,36.38
1992,MN,Bill Clinton,democrat,43.48,23.96,31.85
1992,MO,Bill Clinton,democrat,44.07,21.69,33.92
1992,MS,George H.W. Bush,republican,40.77,8.72,49.68
1992,MT,Bill Clinton,democrat,37.63,26.12,35.12
1992,NC,George H.W. Bush,republican,42.65,13.7,43.44
1992,ND,George H.W. Bush,republican,32.18,23.07,44.22
1992,NE,George H.W. Bush,republican,29.4,23.63,46.58
1992,NH,Bill Clinton,democrat,38.91,22.59,37.69
1992,NJ,Bill Clinton,democrat,42.95,15.61,40.58
1992,NM,Bill Clinton,democrat,45.9,16.12,37.34
1992,NV,Bill Clinton,democrat,37.36,26.19,34.73
1992,NY,Bill Clinton,democrat,49.73,15.75,33.88
1992,OH,Bill Clinton,democrat,40.18,20.98,38.35
1992,OK,George H.W. Bush,republican,34.02,23.01,42.65
1992,OR,Bill Clinton,democrat,42.48,24.21,32.53
1992,PA,Bill Clinton,democrat,45.15,18.2,36.12
1992,RI,Bill Clinton,democrat,47.04,23.16,29.02
1992,SC,George H.W. Bush,republican,39.88,11.55,48.02
1992,SD,George H.W. Bush,republican,37.14,21.8,40.66
1992,TN,Bill Clinton,democrat,47.08,10.09,42.43
1992,TX,George H.W. Bush,republican,37.08,22.01,40.56
1992,UT,George H.W. Bush,republican,24.65,27.34,43.36
1992,VA,George H.W. Bush,republican,40.59,13.63,44.97
1992,VT,Bill Clinton,democrat,46.11,22.78,30.42
1992,WA,Bill Clinton,democrat,43.41,23.68,31.97
1992,WI,Bill Clinton,democrat,41.13,21.51,36.78
1992,WV,Bill Clinton,democrat,48.41,15.91,35.39
1992,WY,George H.W. Bush,republican,34.1,25.65,39.7
1996,AK,Bob Dole,republican,33.27,10.9,50.8
1996,AL,Bob Dole,republican,43.16,6.01,50.12
1996,AR,Bill Clinton,democrat,53.74,7.9,36.8
1996,AZ,Bill Clinton,democrat,46.5,8,44.3
1996,CA,Bill Clinton,democrat,51.1,NA,38.21
1996,CO,Bob Dole,republican,44.43,6.59,45.8
1996,CT,Bill Clinton,democrat,52.83,10.02,34.69
1996,DC,Bill Clinton,democrat,85.19,2.57,9.34
1996,DE,Bill Clinton,democrat,51.8,10.6,36.58
1996,FL,Bill Clinton,democrat,48.02,9.12,42.32
1996,GA,Bob Dole,republican,45.84,6.37,47.01
1996,HI,Bill Clinton,democrat,56.93,7.6,31.64
1996,IA,Bill Clinton,democrat,50.26,8.52,39.92
1996,ID,Bob Dole,republican,33.65,12.71,52.18
1996,IL,Bill Clinton,democrat,54.32,8.03,36.81
1996,IN,Bob Dole,republican,41.55,10.5,47.13
1996,KS,Bob Dole,republican,36.08,8.62,54.29
1996,KY,Bill Clinton,democrat,45.84,8.67,44.88
1996,LA,Bill Clinton,democrat,52.01,6.91,39.94
1996,MA,Bill Clinton,democrat,61.47,8.89,28.09
1996,MD,Bill Clinton,democrat,54.25,6.5,38.27
1996,ME,Bill Clinton,democrat,51.62,14.19,30.76
1996,MI,Bill Clinton,democrat,51.69,8.75,38.48
1996,MN,Bill Clinton,democrat,51.1,11.75,34.96
1996,MO,Bill Clinton,democrat,47.54,10.06,41.24
1996,MS,Bob Dole,republican,44.08,5.84,49.21
1996,MT,Bob Dole,republican,41.23,13.56,44.11
1996,NC,Bob Dole,republican,44.04,6.68,48.73
1996,ND,Bob Dole,republican,40.13,12.2,46.94
1996,NE,Bob Dole,republican,34.95,10.52,53.65
1996,NH,Bill Clinton,democrat,49.32,9.69,39.37
1996,NJ,Bill Clinton,democrat,53.72,8.52,35.86
1996,NM,Bill Clinton,democrat,49.18,5.8,41.86
1996,NV,Bill Clinton,democrat,43.93,9.47,42.91
1996,NY,Bill Clinton,democrat,59.47,7.97,30.61
1996,OH,Bill Clinton,democrat,47.38,10.66,41.02
1996,OK,Bob Dole,republican,40.45,10.84,48.26
1996,OR,Bill Clinton,democrat,47.15,8.8,39.06
1996,PA,Bill Clinton,democrat,49.17,9.56,39.97
1996,RI,Bill Clinton,democrat,59.71,11.2,26.82
1996,SC,Bob Dole,republican,43.85,5.6,49.89
1996,SD,Bob Dole,republican,43.03,9.65,46.49
1996,TN,Bill Clinton,democrat,48,5.59,45.59
1996,TX,Bob Dole,republican,43.83,6.75,48.76
1996,UT,Bob Dole,republican,33.3,9.98,54.37
1996,VA,Bob Dole,republican,45.15,6.62,47.1
1996,VT,Bill Clinton,democrat,53.35,12,31.09
1996,WA,Bill Clinton,democrat,49.84,8.92,37.3
1996,WI,Bill Clinton,democrat,48.81,10.35,38.48
1996,WV,Bill Clinton,democrat,51.51,11.26,36.76
1996,WY,Bob Dole,republican,36.75,12.23,49.7
2000,AK,George W. Bush,republican,27.67,10.07,58.62
2000,AL,George W. Bush,republican,41.57,NA,56.48
2000,AR,George W. Bush,republican,45.86,1.46,51.31
2000,AZ,George W. Bush,republican,44.7,3,51
2000,CA,Al Gore,democrat,53.45,NA,41.65
2000,CO,George W. Bush,republican,42.39,NA,50.75
2000,CT,Al Gore,democrat,55.91,NA,38.44
2000,DC,Al Gore,democrat,85.16,5.24,8.95
2000,DE,Al Gore,democrat,54.96,NA,41.9
2000,FL,George W. Bush,republican,48.84,1.63,48.85
2000,GA,George W. Bush,republican,42.98,NA,54.67
2000,HI,Al Gore,democrat,55.79,5.88,37.46
2000,IA,Al Gore,democrat,48.54,NA,48.22
2000,ID,George W. Bush,republican,27.64,NA,67.17
2000,IL,Al Gore,democrat,54.6,NA,42.58
2000,IN,George W. Bush,republican,41.01,NA,56.65
2000,KS,George W. Bush,republican,37.24,NA,58.04
2000,KY,George W. Bush,republican,41.37,NA,56.5
2000,LA,George W. Bush,republican,44.88,NA,52.55
2000,MA,Al Gore,democrat,59.8,6.42,32.5
2000,MD,Al Gore,democrat,56.57,NA,40.18
2000,ME,Al Gore,democrat,49.09,NA,43.97
2000,MI,Al Gore,democrat,51.28,NA,46.15
2000,MN,Al Gore,democrat,47.91,NA,45.5
2000,MO,George W. Bush,republican,47.08,NA,50.42
2000,MS,George W. Bush,republican,40.7,NA,57.62
2000,MT,George W. Bush,republican,33.36,NA,58.44
2000,NC,George W. Bush,republican,43.2,NA,56.03
2000,ND,George W. Bush,republican,33.06,NA,60.66
2000,NE,George W. Bush,republican,33.25,NA,62.25
2000,NH,George W. Bush,republican,46.8,NA,48.07
2000,NJ,Al Gore,democrat,56.13,NA,40.29
2000,NM,Al Gore,democrat,47.91,3.55,47.85
2000,NV,George W. Bush,republican,45.98,NA,49.52
2000,NY,Al Gore,democrat,60.21,NA,35.23
2000,OH,George W. Bush,republican,46.46,NA,49.97
2000,OK,George W. Bush,republican,38.43,NA,60.31
2000,OR,Al Gore,democrat,46.96,NA,46.52
2000,PA,Al Gore,democrat,50.61,NA,46.44
2000,RI,Al Gore,democrat,60.99,NA,31.91
2000,SC,George W. Bush,republican,40.9,NA,56.84
2000,SD,George W. Bush,republican,37.56,NA,60.3
2000,TN,George W. Bush,republican,47.28,NA,51.15
2000,TX,George W. Bush,republican,37.98,NA,59.3
2000,UT,George W. Bush,republican,26.34,4.65,66.83
2000,VA,George W. Bush,republican,44.44,NA,52.47
2000,VT,Al Gore,democrat,50.63,NA,40.7
2000,WA,Al Gore,democrat,50.16,NA,44.58
2000,WI,Al Gore,democrat,47.83,NA,47.61
2000,WV,George W. Bush,republican,45.59,NA,51.92
2000,WY,George W. Bush,republican,27.7,2.12,67.76
2004,AK,George W. Bush,republican,35.52,1.62,61.07
2004,AL,George W. Bush,republican,36.84,NA,62.46
2004,AR,George W. Bush,republican,44.55,0.58,54.31
2004,AZ,George W. Bush,republican,44.4,0.6,54.9
2004,CA,John Kerry,democrat,54.31,NA,44.36
2004,CO,George W. Bush,republican,47.02,NA,51.69
2004,CT,John Kerry,democrat,54.31,NA,43.95
2004,DC,John Kerry,democrat,89.18,0.65,9.34
2004,DE,John Kerry,democrat,53.35,NA,45.75
2004,FL,George W. Bush,republican,47.09,0.43,52.1
2004,GA,George W. Bush,republican,41.37,NA,57.97
2004,HI,John Kerry,democrat,54.01,0.4,45.26
2004,IA,George W. Bush,republican,49.23,NA,49.9
2004,ID,George W. Bush,republican,30.26,NA,68.38
2004,IL,John Kerry,democrat,54.82,NA,44.48
2004,IN,George W. Bush,republican,39.26,NA,59.94
2004,KS,George W. Bush,republican,36.62,NA,62
2004,KY,George W. Bush,republican,39.69,NA,59.55
2004,LA,George W. Bush,republican,42.22,NA,56.72
2004,MA,John Kerry,democrat,61.94,NA,36.78
2004,MD,John Kerry,democrat,55.91,NA,42.93
2004,ME,John Kerry,democrat,53.57,NA,44.58
2004,MI,John Kerry,democrat,51.23,NA,47.81
2004,MN,John Kerry,democrat,51.09,NA,47.61
2004,MO,George W. Bush,republican,46.1,NA,53.3
2004,MS,George W. Bush,republican,39.76,NA,59.45
2004,MT,George W. Bush,republican,38.56,NA,59.07
2004,NC,George W. Bush,republican,43.58,NA,56.02
2004,ND,George W. Bush,republican,35.5,NA,62.86
2004,NE,George W. Bush,republican,32.68,NA,65.9
2004,NH,John Kerry,democrat,50.24,NA,48.87
2004,NJ,John Kerry,democrat,52.92,NA,46.24
2004,NM,George W. Bush,republican,49.05,0.54,49.84
2004,NV,George W. Bush,republican,47.88,NA,50.47
2004,NY,John Kerry,democrat,58.37,NA,40.08
2004,OH,George W. Bush,republican,48.71,NA,50.81
2004,OK,George W. Bush,republican,34.43,NA,65.57
2004,OR,John Kerry,democrat,51.35,NA,47.19
2004,PA,John Kerry,democrat,50.96,NA,48.46
2004,RI,John Kerry,democrat,59.42,NA,38.67
2004,SC,George W. Bush,republican,40.9,NA,57.98
2004,SD,George W. Bush,republican,38.44,NA,59.91
2004,TN,George W. Bush,republican,42.53,NA,56.8
2004,TX,George W. Bush,republican,38.22,NA,61.09
2004,UT,George W. Bush,republican,26,1.22,71.54
2004,VA,George W. Bush,republican,45.48,NA,53.68
2004,VT,John Kerry,democrat,58.94,NA,38.8
2004,WA,John Kerry,democrat,52.82,NA,45.64
2004,WI,John Kerry,democrat,49.7,NA,49.32
2004,WV,George W. Bush,republican,43.2,NA,56.06
2004,WY,George W. Bush,republican,29.07,1.13,68.86
2008,AK,John McCain,republican,37.89,1.16,59.42
2008,AL,John McCain,republican,38.74,NA,60.32
2008,AR,John McCain,republican,38.86,1.19,58.72
2008,AZ,John McCain,republican,45.1,0.5,53.6
2008,CA,Barack Obama,democrat,61.01,NA,36.95
2008,CO,Barack Obama,democrat,53.66,NA,44.71
2008,CT,Barack Obama,democrat,60.59,NA,38.22
2008,DC,Barack Obama,democrat,92.46,0.43,6.53
2008,DE,Barack Obama,democrat,61.94,NA,36.95
2008,FL,Barack Obama,democrat,50.91,0.33,48.09
2008,GA,John McCain,republican,46.99,NA,52.2
2008,HI,Barack Obama,democrat,71.85,0.84,26.58
2008,IA,Barack Obama,democrat,53.93,NA,44.39
2008,ID,John McCain,republican,36.09,NA,61.52
2008,IL,Barack Obama,democrat,61.92,NA,36.78
2008,IN,Barack Obama,democrat,49.95,NA,48.91
2008,KS,John McCain,republican,41.55,NA,56.61
2008,KY,John McCain,republican,41.17,NA,57.4
2008,LA,John McCain,republican,39.93,NA,58.56
2008,MA,Barack Obama,democrat,61.8,NA,35.99
2008,MD,Barack Obama,democrat,61.92,NA,36.47
2008,ME,Barack Obama,democrat,57.71,NA,40.38
2008,MI,Barack Obama,democrat,57.43,NA,40.96
2008,MN,Barack Obama,democrat,54.06,NA,43.82
2008,MO,John McCain,republican,49.29,NA,49.43
2008,MS,John McCain,republican,43,NA,56.18
2008,MT,John McCain,republican,47.25,NA,49.51
2008,NC,Barack Obama,democrat,49.7,NA,49.38
2008,ND,John McCain,republican,44.62,NA,53.25
2008,NE,John McCain,republican,41.6,NA,56.53
2008,NH,Barack Obama,democrat,54.13,NA,44.52
2008,NJ,Barack Obama,democrat,57.27,NA,41.7
2008,NM,Barack Obama,democrat,56.91,0.64,41.78
2008,NV,Barack Obama,democrat,55.15,NA,42.65
2008,NY,Barack Obama,democrat,62.88,NA,36.03
2008,OH,Barack Obama,democrat,51.5,NA,46.91
2008,OK,John McCain,republican,34.35,NA,65.65
2008,OR,Barack Obama,democrat,56.75,NA,40.4
2008,PA,Barack Obama,democrat,54.65,NA,44.3
2008,RI,Barack Obama,democrat,62.86,NA,35.06
2008,SC,John McCain,republican,44.9,NA,53.87
2008,SD,John McCain,republican,44.75,NA,53.16
2008,TN,John McCain,republican,41.83,NA,56.9
2008,TX,John McCain,republican,43.68,NA,55.45
2008,UT,John McCain,republican,34.41,1.26,62.58
2008,VA,Barack Obama,democrat,52.63,NA,46.33
2008,VT,Barack Obama,democrat,67.46,NA,30.45
2008,WA,Barack Obama,democrat,57.65,NA,40.48
2008,WI,Barack Obama,democrat,56.22,NA,42.31
2008,WV,John McCain,republican,42.59,NA,55.71
2008,WY,John McCain,republican,32.54,0.99,64.78
2012,AK,Mitt Romney,republican,40.81,2.46,54.8
2012,AL,Mitt Romney,republican,38.36,NA,60.55
2012,AR,Mitt Romney,republican,36.88,1.52,60.57
2012,AZ,Mitt Romney,republican,44.6,1.4,53.7
2012,CA,Barack Obama,democrat,60.24,NA,37.12
2012,CO,Barack Obama,democrat,51.49,NA,46.13
2012,CT,Barack Obama,democrat,58.06,NA,40.73
2012,DC,Barack Obama,democrat,90.91,0.84,7.28
2012,DE,Barack Obama,democrat,58.61,NA,39.98
2012,FL,Barack Obama,democrat,50.01,0.53,49.13
2012,GA,Mitt Romney,republican,45.48,NA,53.3
2012,HI,Barack Obama,democrat,70.55,0.88,27.84
2012,IA,Barack Obama,democrat,51.99,NA,46.18
2012,ID,Mitt Romney,republican,32.62,NA,64.53
2012,IL,Barack Obama,democrat,57.6,NA,40.73
2012,IN,Mitt Romney,republican,43.93,NA,54.13
2012,KS,Mitt Romney,republican,37.99,NA,59.71
2012,KY,Mitt Romney,republican,37.8,NA,60.49
2012,LA,Mitt Romney,republican,40.58,NA,57.78
2012,MA,Barack Obama,democrat,60.65,NA,37.51
2012,MD,Barack Obama,democrat,61.97,NA,35.9
2012,ME,Barack Obama,democrat,56.27,NA,40.98
2012,MI,Barack Obama,democrat,54.21,NA,44.71
2012,MN,Barack Obama,democrat,52.65,NA,44.96
2012,MO,Mitt Romney,republican,44.38,NA,53.76
2012,MS,Mitt Romney,republican,43.79,NA,55.29
2012,MT,Mitt Romney,republican,41.7,NA,55.35
2012,NC,Mitt Romney,republican,48.35,NA,50.39
2012,ND,Mitt Romney,republican,38.69,NA,58.32
2012,NE,Mitt Romney,republican,38.03,NA,59.8
2012,NH,Barack Obama,democrat,51.98,NA,46.4
2012,NJ,Barack Obama,democrat,58.38,NA,40.59
2012,NM,Barack Obama,democrat,52.99,3.55,42.84
2012,NV,Barack Obama,democrat,52.36,NA,45.68
2012,NY,Barack Obama,democrat,63.35,NA,35.17
2012,OH,Barack Obama,democrat,50.67,NA,47.69
2012,OK,Mitt Romney,republican,33.23,NA,66.77
2012,OR,Barack Obama,democrat,54.24,NA,42.15
2012,PA,Barack Obama,democrat,52.08,NA,46.68
2012,RI,Barack Obama,democrat,62.7,NA,35.24
2012,SC,Mitt Romney,republican,44.09,NA,54.56
2012,SD,Mitt Romney,republican,39.87,NA,57.89
2012,TN,Mitt Romney,republican,39.08,NA,59.48
2012,TX,Mitt Romney,republican,41.38,NA,57.17
2012,UT,Mitt Romney,republican,24.75,1.24,72.79
2012,VA,Barack Obama,democrat,51.16,NA,47.28
2012,VT,Barack Obama,democrat,66.57,NA,30.97
2012,WA,Barack Obama,democrat,56.16,NA,41.29
2012,WI,Barack Obama,democrat,52.83,NA,45.89
2012,WV,Mitt Romney,republican,35.54,NA,62.3
2012,WY,Mitt Romney,republican,27.82,2.14,68.64
2016,AK,Donald Trump,republican,36.55,5.88,51.28
2016,AL,Donald Trump,republican,34.36,NA,62.08
2016,AR,Donald Trump,republican,33.65,2.64,60.57
2016,AZ,Donald Trump,republican,45.1,4.1,48.7
2016,CA,Hillary Clinton,democrat,61.73,NA,31.62
2016,CO,Hillary Clinton,democrat,48.16,NA,43.25
2016,CT,Hillary Clinton,democrat,54.57,NA,40.93
2016,DC,Hillary Clinton,democrat,90.86,1.58,4.09
2016,DE,Hillary Clinton,democrat,53.09,NA,41.71
2016,FL,Donald Trump,republican,47.82,2.2,49.02
2016,GA,Donald Trump,republican,45.35,NA,50.44
2016,HI,Hillary Clinton,democrat,62.22,3.72,30.04
2016,IA,Donald Trump,republican,41.74,NA,51.15
2016,ID,Donald Trump,republican,27.48,NA,59.25
2016,IL,Hillary Clinton,democrat,55.24,NA,38.36
2016,IN,Donald Trump,republican,37.46,NA,56.47
2016,KS,Donald Trump,republican,35.74,NA,56.16
2016,KY,Donald Trump,republican,32.68,NA,62.52
2016,LA,Donald Trump,republican,38.45,NA,58.09
2016,MA,Hillary Clinton,democrat,60.01,NA,32.81
2016,MD,Hillary Clinton,democrat,60.33,NA,33.91
2016,ME,Hillary Clinton,democrat,47.83,NA,44.87
2016,MI,Donald Trump,republican,47.03,3.6,47.25
2016,MN,Hillary Clinton,democrat,46.44,NA,44.93
2016,MO,Donald Trump,republican,37.87,NA,56.38
2016,MS,Donald Trump,republican,40.06,NA,57.86
2016,MT,Donald Trump,republican,35.41,NA,55.65
2016,NC,Donald Trump,republican,46.17,NA,49.83
2016,ND,Donald Trump,republican,27.23,NA,62.96
2016,NE,Donald Trump,republican,33.7,NA,58.75
2016,NH,Hillary Clinton,democrat,46.83,NA,46.46
2016,NJ,Hillary Clinton,democrat,54.77,NA,41
2016,NM,Hillary Clinton,democrat,48.26,9.34,40.04
2016,NV,Hillary Clinton,democrat,47.92,NA,45.5
2016,NY,Hillary Clinton,democrat,59,NA,36.51
2016,OH,Donald Trump,republican,43.24,NA,51.31
2016,OK,Donald Trump,republican,28.93,NA,65.32
2016,OR,Hillary Clinton,democrat,50.07,NA,39.09
2016,PA,Donald Trump,republican,47.46,NA,48.17
2016,RI,Hillary Clinton,democrat,54.41,NA,38.9
2016,SC,Donald Trump,republican,40.67,NA,54.94
2016,SD,Donald Trump,republican,31.74,NA,61.53
2016,TN,Donald Trump,republican,34.72,NA,60.72
2016,TX,Donald Trump,republican,43.24,NA,52.23
2016,UT,Donald Trump,republican,27.46,21.54,45.54
2016,VA,Hillary Clinton,democrat,49.75,NA,44.43
2016,VT,Hillary Clinton,democrat,56.68,NA,30.27
2016,WA,Hillary Clinton,democrat,52.54,NA,36.83
2016,WI,Donald Trump,republican,46.45,NA,47.22
2016,WV,Donald Trump,republican,26.5,NA,68.5
2016,WY,Donald Trump,republican,21.88,5.19,68.17
2020,AK,Donald Trump,republican,42.77,2.47,52.83
2020,AL,Donald Trump,republican,36.57,NA,62.03
2020,AR,Donald Trump,republican,34.78,1.08,62.4
2020,AZ,Joe Biden,democrat,49.4,1.5,49.1
2020,CA,Joe Biden,democrat,63.48,NA,34.32
2020,CO,Joe Biden,democrat,55.4,NA,41.9
2020,CT,Joe Biden,democrat,59.26,NA,39.19
2020,DC,Joe Biden,democrat,92.15,0.59,5.4
2020,DE,Joe Biden,democrat,58.74,NA,39.77
2020,FL,Donald Trump,republican,47.86,0.64,51.22
2020,GA,Joe Biden,democrat,49.47,NA,49.24
2020,HI,Joe Biden,democrat,63.73,0.96,34.27
2020,IA,Donald Trump,republican,44.89,NA,53.09
2020,ID,Donald Trump,republican,33.07,NA,63.84
2020,IL,Joe Biden,democrat,57.54,NA,40.55
2020,IN,Donald Trump,republican,40.96,NA,57.02
2020,KS,Donald Trump,republican,41.56,NA,56.21
2020,KY,Donald Trump,republican,36.15,NA,62.09
2020,LA,Donald Trump,republican,39.85,NA,58.46
2020,MA,Joe Biden,democrat,65.6,NA,32.14
2020,MD,Joe Biden,democrat,65.36,NA,32.15
2020,ME,Joe Biden,democrat,53.09,NA,44.02
2020,MI,Joe Biden,democrat,50.62,NA,47.84
2020,MN,Joe Biden,democrat,52.4,NA,45.28
2020,MO,Donald Trump,republican,41.41,NA,56.8
2020,MS,Donald Trump,republican,41.06,NA,57.6
2020,MT,Donald Trump,republican,40.55,NA,56.92
2020,NC,Donald Trump,republican,48.59,NA,49.93
2020,ND,Donald Trump,republican,31.76,NA,65.11
2020,NE,Donald Trump,republican,39.36,NA,58.51
2020,NH,Joe Biden,democrat,52.71,NA,45.36
2020,NJ,Joe Biden,democrat,57.14,NA,41.26
2020,NM,Joe Biden,democrat,54.29,1.36,43.5
2020,NV,Joe Biden,democrat,50.06,NA,47.67
2020,NY,Joe Biden,democrat,60.86,NA,37.75
2020,OH,Donald Trump,republican,45.24,NA,53.27
2020,OK,Donald Trump,republican,32.29,NA,65.37
2020,OR,Joe Biden,democrat,56.45,NA,40.37
2020,PA,Joe Biden,democrat,50.01,NA,48.84
2020,RI,Joe Biden,democrat,59.39,NA,38.61
2020,SC,Donald Trump,republican,43.43,NA,55.11
2020,SD,Donald Trump,republican,35.61,NA,61.77
2020,TN,Donald Trump,republican,37.45,NA,60.66
2020,TX,Donald Trump,republican,46.48,NA,52.06
2020,UT,Donald Trump,republican,37.65,2.58,58.13
2020,VA,Joe Biden,democrat,54.11,NA,44
2020,VT,Joe Biden,democrat,65.46,NA,30.38
2020,WA,Joe Biden,democrat,57.97,NA,38.77
2020,WI,Joe Biden,democrat,49.57,NA,48.94
2020,WV,Donald Trump,republican,29.7,NA,68.63
2020,WY,Donald Trump,republican,26.55,2.08,69.94
